id,key,value
CAP-1,uafId,CAP-1
CAP-1,uafKind,Capability
CAP-1,registry.kind,area
CAP-1,registry.owner,plan-04
CAP-1.1,uafId,CAP-1.1
CAP-1.1,uafKind,Capability
CAP-1.1,registry.parent,CAP-1
CAP-1.2,uafId,CAP-1.2
CAP-1.2,uafKind,Capability
CAP-1.2,registry.parent,CAP-1
CAP-1.3,uafId,CAP-1.3
CAP-1.3,uafKind,Capability
CAP-1.3,registry.parent,CAP-1
CAP-1.4,uafId,CAP-1.4
CAP-1.4,uafKind,Capability
CAP-1.4,registry.parent,CAP-1
CAP-1.5,uafId,CAP-1.5
CAP-1.5,uafKind,Capability
CAP-1.5,registry.parent,CAP-1
CAP-1.6,uafId,CAP-1.6
CAP-1.6,uafKind,Capability
CAP-1.6,registry.parent,CAP-1
CAP-1.7,uafId,CAP-1.7
CAP-1.7,uafKind,Capability
CAP-1.7,registry.parent,CAP-1
CAP-2,uafId,CAP-2
CAP-2,uafKind,Capability
CAP-2,registry.kind,area
CAP-2,registry.owner,plan-04
CAP-2.1,uafId,CAP-2.1
CAP-2.1,uafKind,Capability
CAP-2.1,registry.parent,CAP-2
CAP-2.2,uafId,CAP-2.2
CAP-2.2,uafKind,Capability
CAP-2.2,registry.parent,CAP-2
CAP-2.3,uafId,CAP-2.3
CAP-2.3,uafKind,Capability
CAP-2.3,registry.parent,CAP-2
CAP-2.4,uafId,CAP-2.4
CAP-2.4,uafKind,Capability
CAP-2.4,registry.parent,CAP-2
CAP-2.5,uafId,CAP-2.5
CAP-2.5,uafKind,Capability
CAP-2.5,registry.parent,CAP-2
CAP-2.6,uafId,CAP-2.6
CAP-2.6,uafKind,Capability
CAP-2.6,registry.parent,CAP-2
CAP-2.7,uafId,CAP-2.7
CAP-2.7,uafKind,Capability
CAP-2.7,registry.parent,CAP-2
CAP-2.8,uafId,CAP-2.8
CAP-2.8,uafKind,Capability
CAP-2.8,registry.parent,CAP-2
CAP-2.9,uafId,CAP-2.9
CAP-2.9,uafKind,Capability
CAP-2.9,registry.parent,CAP-2
CAP-2.10,uafId,CAP-2.10
CAP-2.10,uafKind,Capability
CAP-2.10,registry.parent,CAP-2
CAP-2.11,uafId,CAP-2.11
CAP-2.11,uafKind,Capability
CAP-2.11,registry.parent,CAP-2
CAP-2.12,uafId,CAP-2.12
CAP-2.12,uafKind,Capability
CAP-2.12,registry.parent,CAP-2
CAP-3,uafId,CAP-3
CAP-3,uafKind,Capability
CAP-3,registry.kind,area
CAP-3,registry.owner,plan-04
CAP-3.1,uafId,CAP-3.1
CAP-3.1,uafKind,Capability
CAP-3.1,registry.parent,CAP-3
CAP-3.2,uafId,CAP-3.2
CAP-3.2,uafKind,Capability
CAP-3.2,registry.parent,CAP-3
CAP-3.3,uafId,CAP-3.3
CAP-3.3,uafKind,Capability
CAP-3.3,registry.parent,CAP-3
CAP-3.4,uafId,CAP-3.4
CAP-3.4,uafKind,Capability
CAP-3.4,registry.parent,CAP-3
CAP-3.5,uafId,CAP-3.5
CAP-3.5,uafKind,Capability
CAP-3.5,registry.parent,CAP-3
CAP-3.6,uafId,CAP-3.6
CAP-3.6,uafKind,Capability
CAP-3.6,registry.parent,CAP-3
CAP-3.7,uafId,CAP-3.7
CAP-3.7,uafKind,Capability
CAP-3.7,registry.parent,CAP-3
CAP-3.8,uafId,CAP-3.8
CAP-3.8,uafKind,Capability
CAP-3.8,registry.parent,CAP-3
CAP-3.9,uafId,CAP-3.9
CAP-3.9,uafKind,Capability
CAP-3.9,registry.parent,CAP-3
CAP-4,uafId,CAP-4
CAP-4,uafKind,Capability
CAP-4,registry.kind,area
CAP-4,registry.owner,plan-04
CAP-4.1,uafId,CAP-4.1
CAP-4.1,uafKind,Capability
CAP-4.1,registry.parent,CAP-4
CAP-4.2,uafId,CAP-4.2
CAP-4.2,uafKind,Capability
CAP-4.2,registry.parent,CAP-4
CAP-4.3,uafId,CAP-4.3
CAP-4.3,uafKind,Capability
CAP-4.3,registry.parent,CAP-4
CAP-4.4,uafId,CAP-4.4
CAP-4.4,uafKind,Capability
CAP-4.4,registry.parent,CAP-4
CAP-4.5,uafId,CAP-4.5
CAP-4.5,uafKind,Capability
CAP-4.5,registry.parent,CAP-4
CAP-4.6,uafId,CAP-4.6
CAP-4.6,uafKind,Capability
CAP-4.6,registry.parent,CAP-4
CAP-4.7,uafId,CAP-4.7
CAP-4.7,uafKind,Capability
CAP-4.7,registry.parent,CAP-4
CAP-5,uafId,CAP-5
CAP-5,uafKind,Capability
CAP-5,registry.kind,area
CAP-5,registry.owner,plan-04
CAP-5.1,uafId,CAP-5.1
CAP-5.1,uafKind,Capability
CAP-5.1,registry.parent,CAP-5
CAP-5.2,uafId,CAP-5.2
CAP-5.2,uafKind,Capability
CAP-5.2,registry.parent,CAP-5
CAP-5.3,uafId,CAP-5.3
CAP-5.3,uafKind,Capability
CAP-5.3,registry.parent,CAP-5
CAP-5.4,uafId,CAP-5.4
CAP-5.4,uafKind,Capability
CAP-5.4,registry.parent,CAP-5
CAP-5.5,uafId,CAP-5.5
CAP-5.5,uafKind,Capability
CAP-5.5,registry.parent,CAP-5
CAP-5.6,uafId,CAP-5.6
CAP-5.6,uafKind,Capability
CAP-5.6,registry.parent,CAP-5
CAP-5.7,uafId,CAP-5.7
CAP-5.7,uafKind,Capability
CAP-5.7,registry.parent,CAP-5
CAP-5.8,uafId,CAP-5.8
CAP-5.8,uafKind,Capability
CAP-5.8,registry.parent,CAP-5
CAP-5.9,uafId,CAP-5.9
CAP-5.9,uafKind,Capability
CAP-5.9,registry.parent,CAP-5
CAP-5.10,uafId,CAP-5.10
CAP-5.10,uafKind,Capability
CAP-5.10,registry.parent,CAP-5
CAP-6,uafId,CAP-6
CAP-6,uafKind,Capability
CAP-6,registry.kind,area
CAP-6,registry.owner,plan-04
CAP-6.1,uafId,CAP-6.1
CAP-6.1,uafKind,Capability
CAP-6.1,registry.parent,CAP-6
CAP-6.2,uafId,CAP-6.2
CAP-6.2,uafKind,Capability
CAP-6.2,registry.parent,CAP-6
CAP-6.3,uafId,CAP-6.3
CAP-6.3,uafKind,Capability
CAP-6.3,registry.parent,CAP-6
CAP-6.4,uafId,CAP-6.4
CAP-6.4,uafKind,Capability
CAP-6.4,registry.parent,CAP-6
CAP-6.5,uafId,CAP-6.5
CAP-6.5,uafKind,Capability
CAP-6.5,registry.parent,CAP-6
CAP-6.6,uafId,CAP-6.6
CAP-6.6,uafKind,Capability
CAP-6.6,registry.parent,CAP-6
CAP-6.7,uafId,CAP-6.7
CAP-6.7,uafKind,Capability
CAP-6.7,registry.parent,CAP-6
CAP-7,uafId,CAP-7
CAP-7,uafKind,Capability
CAP-7,registry.kind,area
CAP-7,registry.owner,plan-04
CAP-7.1,uafId,CAP-7.1
CAP-7.1,uafKind,Capability
CAP-7.1,registry.parent,CAP-7
CAP-7.2,uafId,CAP-7.2
CAP-7.2,uafKind,Capability
CAP-7.2,registry.parent,CAP-7
CAP-7.3,uafId,CAP-7.3
CAP-7.3,uafKind,Capability
CAP-7.3,registry.parent,CAP-7
CAP-7.4,uafId,CAP-7.4
CAP-7.4,uafKind,Capability
CAP-7.4,registry.parent,CAP-7
OP-01,uafId,OP-01
OP-01,uafKind,OperationalPerformer
OP-01,registry.kind,role
OP-01,registry.owner,plan-02
OP-02,uafId,OP-02
OP-02,uafKind,OperationalPerformer
OP-02,registry.kind,role
OP-02,registry.owner,plan-02
OP-03,uafId,OP-03
OP-03,uafKind,OperationalPerformer
OP-03,registry.kind,role
OP-03,registry.owner,plan-02
OP-04,uafId,OP-04
OP-04,uafKind,OperationalPerformer
OP-04,registry.kind,role
OP-04,registry.owner,plan-02
OP-05,uafId,OP-05
OP-05,uafKind,OperationalPerformer
OP-05,registry.kind,role
OP-05,registry.owner,plan-02
OP-06,uafId,OP-06
OP-06,uafKind,OperationalPerformer
OP-06,registry.kind,role
OP-06,registry.owner,plan-02
OP-06,registry.status,adopted 2026-09-04 (D-05)
OP-07,uafId,OP-07
OP-07,uafKind,OperationalPerformer
OP-07,registry.kind,role
OP-07,registry.owner,plan-02
OP-07,registry.status,adopted 2026-09-04 (D-05)
OP-08,uafId,OP-08
OP-08,uafKind,OperationalPerformer
OP-08,registry.kind,role
OP-08,registry.owner,plan-02
OP-08,registry.status,adopted 2026-09-04 (D-05)
OP-10,uafId,OP-10
OP-10,uafKind,OperationalPerformer
OP-10,registry.kind,organization
OP-10,registry.owner,plan-02
OP-11,uafId,OP-11
OP-11,uafKind,OperationalPerformer
OP-11,registry.kind,organization
OP-11,registry.owner,plan-02
OP-12,uafId,OP-12
OP-12,uafKind,OperationalPerformer
OP-12,registry.kind,organization
OP-12,registry.owner,plan-02
OP-20,uafId,OP-20
OP-20,uafKind,OperationalPerformer
OP-20,registry.kind,external
OP-20,registry.owner,plan-02
OP-21,uafId,OP-21
OP-21,uafKind,OperationalPerformer
OP-21,registry.kind,external
OP-21,registry.owner,plan-02
OP-22,uafId,OP-22
OP-22,uafKind,OperationalPerformer
OP-22,registry.kind,external
OP-22,registry.owner,plan-02
OP-23,uafId,OP-23
OP-23,uafKind,OperationalPerformer
OP-23,registry.kind,external
OP-23,registry.owner,plan-02
OP-24,uafId,OP-24
OP-24,uafKind,OperationalPerformer
OP-24,registry.kind,external
OP-24,registry.owner,plan-02
OP-25,uafId,OP-25
OP-25,uafKind,OperationalPerformer
OP-25,registry.kind,external
OP-25,registry.owner,plan-02
OP-26,uafId,OP-26
OP-26,uafKind,OperationalPerformer
OP-26,registry.kind,external
OP-26,registry.owner,plan-02
OP-27,uafId,OP-27
OP-27,uafKind,OperationalPerformer
OP-27,registry.kind,external
OP-27,registry.owner,plan-02
OP-30,uafId,OP-30
OP-30,uafKind,OperationalPerformer
OP-30,registry.kind,system
OP-30,registry.owner,plan-03
OP-31,uafId,OP-31
OP-31,uafKind,OperationalPerformer
OP-31,registry.kind,system-part
OP-31,registry.parent,OP-30
OP-31,registry.owner,plan-03
OP-32,uafId,OP-32
OP-32,uafKind,OperationalPerformer
OP-32,registry.kind,system-part
OP-32,registry.parent,OP-30
OP-32,registry.owner,plan-03
OP-33,uafId,OP-33
OP-33,uafKind,OperationalPerformer
OP-33,registry.kind,system-part
OP-33,registry.parent,OP-30
OP-33,registry.owner,plan-03
OP-34,uafId,OP-34
OP-34,uafKind,OperationalPerformer
OP-34,registry.kind,system-part
OP-34,registry.parent,OP-30
OP-34,registry.owner,plan-03
OA-01,uafId,OA-01
OA-01,uafKind,OperationalActivity
OA-02,uafId,OA-02
OA-02,uafKind,OperationalActivity
OA-03,uafId,OA-03
OA-03,uafKind,OperationalActivity
OA-04,uafId,OA-04
OA-04,uafKind,OperationalActivity
OA-05,uafId,OA-05
OA-05,uafKind,OperationalActivity
OA-06,uafId,OA-06
OA-06,uafKind,OperationalActivity
OA-07,uafId,OA-07
OA-07,uafKind,OperationalActivity
OA-08,uafId,OA-08
OA-08,uafKind,OperationalActivity
OA-09,uafId,OA-09
OA-09,uafKind,OperationalActivity
OA-10,uafId,OA-10
OA-10,uafKind,OperationalActivity
OA-11,uafId,OA-11
OA-11,uafKind,OperationalActivity
OA-12,uafId,OA-12
OA-12,uafKind,OperationalActivity
OA-13,uafId,OA-13
OA-13,uafKind,OperationalActivity
OA-14,uafId,OA-14
OA-14,uafKind,OperationalActivity
OA-15,uafId,OA-15
OA-15,uafKind,OperationalActivity
OA-16,uafId,OA-16
OA-16,uafKind,OperationalActivity
OA-17,uafId,OA-17
OA-17,uafKind,OperationalActivity
OA-18,uafId,OA-18
OA-18,uafKind,OperationalActivity
OA-19,uafId,OA-19
OA-19,uafKind,OperationalActivity
OA-20,uafId,OA-20
OA-20,uafKind,OperationalActivity
OA-21,uafId,OA-21
OA-21,uafKind,OperationalActivity
OA-22,uafId,OA-22
OA-22,uafKind,OperationalActivity
OA-23,uafId,OA-23
OA-23,uafKind,OperationalActivity
OA-24,uafId,OA-24
OA-24,uafKind,OperationalActivity
OA-25,uafId,OA-25
OA-25,uafKind,OperationalActivity
OA-26,uafId,OA-26
OA-26,uafKind,OperationalActivity
OA-27,uafId,OA-27
OA-27,uafKind,OperationalActivity
OA-28,uafId,OA-28
OA-28,uafKind,OperationalActivity
OA-29,uafId,OA-29
OA-29,uafKind,OperationalActivity
OA-30,uafId,OA-30
OA-30,uafKind,OperationalActivity
OA-31,uafId,OA-31
OA-31,uafKind,OperationalActivity
OA-32,uafId,OA-32
OA-32,uafKind,OperationalActivity
OA-33,uafId,OA-33
OA-33,uafKind,OperationalActivity
OA-34,uafId,OA-34
OA-34,uafKind,OperationalActivity
OA-35,uafId,OA-35
OA-35,uafKind,OperationalActivity
OA-36,uafId,OA-36
OA-36,uafKind,OperationalActivity
SV-01,uafId,SV-01
SV-01,uafKind,ServiceInterface
SV-01,registry.code,gungnir_tracking_service::TrackingService
SV-01,registry.status,scaffold
SV-02,uafId,SV-02
SV-02,uafKind,ServiceInterface
SV-02,registry.code,gungnir_intercept_service::InterceptService
SV-02,registry.status,scaffold
SV-03,uafId,SV-03
SV-03,uafKind,ServiceInterface
SV-03,registry.code,gungnir_eventing::EventBus
SV-03,registry.status,real
SV-04,uafId,SV-04
SV-04,uafKind,ServiceInterface
SV-04,registry.code,gungnir_store::EventJournal
SV-04,registry.status,real
SV-05,uafId,SV-05
SV-05,uafKind,ServiceInterface
SV-05,registry.code,gungnir_time::TimeAuthority
SV-05,registry.status,real
SV-06,uafId,SV-06
SV-06,uafKind,ServiceInterface
SV-06,registry.code,gungnir_config::ConfigStore
SV-06,registry.status,real
SV-07,uafId,SV-07
SV-07,uafKind,ServiceInterface
SV-07,registry.code,gungnir_mission::MissionManager
SV-07,registry.status,scaffold
SV-08,uafId,SV-08
SV-08,uafKind,ServiceInterface
SV-08,registry.code,gungnir_ingest::ProtocolAdapter
SV-08,registry.status,real
SV-09,uafId,SV-09
SV-09,uafKind,ServiceInterface
SV-09,registry.code,gungnir_sensor_management::SensorRegistry
SV-09,registry.status,real
SV-10,uafId,SV-10
SV-10,uafKind,ServiceInterface
SV-10,registry.code,gungnir_interop::DetectionCodec
SV-10,registry.status,scaffold
SV-11,uafId,SV-11
SV-11,uafKind,ServiceInterface
SV-11,registry.code,gungnir_identity::IdentityResolver
SV-11,registry.status,real
SV-12,uafId,SV-12
SV-12,uafKind,ServiceInterface
SV-12,registry.code,gungnir_identification::IdentificationEngine
SV-12,registry.status,real
SV-13,uafId,SV-13
SV-13,uafKind,ServiceInterface
SV-13,registry.code,gungnir_geo::GeoService
SV-13,registry.status,real
SV-14,uafId,SV-14
SV-14,uafKind,ServiceInterface
SV-14,registry.code,gungnir_analytics::LineOfSight
SV-14,registry.status,real
SV-15,uafId,SV-15
SV-15,uafKind,ServiceInterface
SV-15,registry.code,gungnir_policy::PolicyEngine
SV-15,registry.status,real
SV-16,uafId,SV-16
SV-16,uafKind,ServiceInterface
SV-16,registry.code,gungnir_command::ApprovalWorkflow
SV-16,registry.status,real
SV-17,uafId,SV-17
SV-17,uafKind,ServiceInterface
SV-17,registry.code,gungnir_assessment::ThreatAssessor
SV-17,registry.status,real
SV-18,uafId,SV-18
SV-18,uafKind,ServiceInterface
SV-18,registry.code,gungnir_decision::DecisionSupport
SV-18,registry.status,scaffold
SV-19,uafId,SV-19
SV-19,uafKind,ServiceInterface
SV-19,registry.code,gungnir_modelops::ModelRegistry
SV-19,registry.status,real
SV-20,uafId,SV-20
SV-20,uafKind,ServiceInterface
SV-20,registry.code,gungnir_security::Authenticator
SV-20,registry.status,scaffold
SV-21,uafId,SV-21
SV-21,uafKind,ServiceInterface
SV-21,registry.code,gungnir_security::Authorizer
SV-21,registry.status,real
SV-22,uafId,SV-22
SV-22,uafKind,ServiceInterface
SV-22,registry.code,gungnir_security::AuditLog
SV-22,registry.status,real
SV-23,uafId,SV-23
SV-23,uafKind,ServiceInterface
SV-23,registry.code,gungnir_api::ApiHandler
SV-23,registry.status,scaffold
SV-24,uafId,SV-24
SV-24,uafKind,ServiceInterface
SV-24,registry.code,gungnir_observability::HealthMonitor
SV-24,registry.status,real
SV-25,uafId,SV-25
SV-25,uafKind,ServiceInterface
SV-25,registry.code,gungnir_resilience::StoreAndForwardQueue
SV-25,registry.status,real
SV-26,uafId,SV-26
SV-26,uafKind,ServiceInterface
SV-26,registry.code,gungnir_collab::SharedPictureSync
SV-26,registry.status,real
SV-27,uafId,SV-27
SV-27,uafKind,ServiceInterface
SV-27,registry.code,gungnir_workflow::AlertLifecycle
SV-27,registry.status,real
SV-28,uafId,SV-28
SV-28,uafKind,ServiceInterface
SV-28,registry.code,gungnir_replay
SV-28,registry.status,real
SV-29,uafId,SV-29
SV-29,uafKind,ServiceInterface
SV-29,registry.code,gungnir_reporting::ReportGenerator
SV-29,registry.status,real
SV-30,uafId,SV-30
SV-30,uafKind,ServiceInterface
SV-30,registry.code,gungnir_remote
SV-30,registry.status,scaffold
SV-31,uafId,SV-31
SV-31,uafKind,ServiceInterface
SV-31,registry.code,gungnir_data
SV-31,registry.status,scaffold
SV-32,uafId,SV-32
SV-32,uafKind,ServiceInterface
SV-32,registry.code,gungnir_data_fusion
SV-32,registry.status,scaffold
SV-33,uafId,SV-33
SV-33,uafKind,ServiceInterface
SV-33,registry.code,gungnir_metrics
SV-33,registry.status,scaffold
SV-34,uafId,SV-34
SV-34,uafKind,ServiceInterface
SV-34,registry.code,gungnir_scenario
SV-34,registry.status,scaffold
RS-allocation,uafId,RS-allocation
RS-allocation,uafKind,ResourceArtifact
RS-allocation,registry.kind,library
RS-allocation,registry.layer,Tracking core
RS-allocation,registry.code,gungnir-allocation/Cargo.toml
RS-analytics,uafId,RS-analytics
RS-analytics,uafKind,ResourceArtifact
RS-analytics,registry.kind,library
RS-analytics,registry.layer,Productization
RS-analytics,registry.code,gungnir-analytics/Cargo.toml
RS-api,uafId,RS-api
RS-api,uafKind,ResourceArtifact
RS-api,registry.kind,library
RS-api,registry.layer,Productization
RS-api,registry.code,gungnir-api/Cargo.toml
RS-app,uafId,RS-app
RS-app,uafKind,ResourceArtifact
RS-app,registry.kind,binary
RS-app,registry.layer,User interface
RS-app,registry.code,gungnir-app/Cargo.toml
RS-assessment,uafId,RS-assessment
RS-assessment,uafKind,ResourceArtifact
RS-assessment,registry.kind,library
RS-assessment,registry.layer,Productization
RS-assessment,registry.code,gungnir-assessment/Cargo.toml
RS-association,uafId,RS-association
RS-association,uafKind,ResourceArtifact
RS-association,registry.kind,library
RS-association,registry.layer,Tracking core
RS-association,registry.code,gungnir-association/Cargo.toml
RS-collab,uafId,RS-collab
RS-collab,uafKind,ResourceArtifact
RS-collab,registry.kind,library
RS-collab,registry.layer,Productization
RS-collab,registry.code,gungnir-collab/Cargo.toml
RS-command,uafId,RS-command
RS-command,uafKind,ResourceArtifact
RS-command,registry.kind,library
RS-command,registry.layer,Productization
RS-command,registry.code,gungnir-command/Cargo.toml
RS-config,uafId,RS-config
RS-config,uafKind,ResourceArtifact
RS-config,registry.kind,library
RS-config,registry.layer,Productization
RS-config,registry.code,gungnir-config/Cargo.toml
RS-coord,uafId,RS-coord
RS-coord,uafKind,ResourceArtifact
RS-coord,registry.kind,library
RS-coord,registry.layer,Tracking core
RS-coord,registry.code,gungnir-coord/Cargo.toml
RS-core,uafId,RS-core
RS-core,uafKind,ResourceArtifact
RS-core,registry.kind,library
RS-core,registry.layer,Tracking core
RS-core,registry.code,gungnir-core/Cargo.toml
RS-data-fusion,uafId,RS-data-fusion
RS-data-fusion,uafKind,ResourceArtifact
RS-data-fusion,registry.kind,library
RS-data-fusion,registry.layer,Data ecosystem
RS-data-fusion,registry.code,gungnir-data-fusion/Cargo.toml
RS-data,uafId,RS-data
RS-data,uafKind,ResourceArtifact
RS-data,registry.kind,library
RS-data,registry.layer,Data ecosystem
RS-data,registry.code,gungnir-data/Cargo.toml
RS-decision,uafId,RS-decision
RS-decision,uafKind,ResourceArtifact
RS-decision,registry.kind,library
RS-decision,registry.layer,Productization
RS-decision,registry.code,gungnir-decision/Cargo.toml
RS-eventing,uafId,RS-eventing
RS-eventing,uafKind,ResourceArtifact
RS-eventing,registry.kind,library
RS-eventing,registry.layer,Productization
RS-eventing,registry.code,gungnir-eventing/Cargo.toml
RS-filters,uafId,RS-filters
RS-filters,uafKind,ResourceArtifact
RS-filters,registry.kind,library
RS-filters,registry.layer,Tracking core
RS-filters,registry.code,gungnir-filters/Cargo.toml
RS-fusion-async,uafId,RS-fusion-async
RS-fusion-async,uafKind,ResourceArtifact
RS-fusion-async,registry.kind,library
RS-fusion-async,registry.layer,Tracking core
RS-fusion-async,registry.code,gungnir-fusion-async/Cargo.toml
RS-fuzz,uafId,RS-fuzz
RS-fuzz,uafKind,ResourceArtifact
RS-fuzz,registry.kind,library
RS-fuzz,registry.layer,Tracking core
RS-fuzz,registry.code,gungnir-fuzz/Cargo.toml
RS-geo,uafId,RS-geo
RS-geo,uafKind,ResourceArtifact
RS-geo,registry.kind,library
RS-geo,registry.layer,Productization
RS-geo,registry.code,gungnir-geo/Cargo.toml
RS-identification,uafId,RS-identification
RS-identification,uafKind,ResourceArtifact
RS-identification,registry.kind,library
RS-identification,registry.layer,Productization
RS-identification,registry.code,gungnir-identification/Cargo.toml
RS-identity,uafId,RS-identity
RS-identity,uafKind,ResourceArtifact
RS-identity,registry.kind,library
RS-identity,registry.layer,Productization
RS-identity,registry.code,gungnir-identity/Cargo.toml
RS-ingest,uafId,RS-ingest
RS-ingest,uafKind,ResourceArtifact
RS-ingest,registry.kind,library
RS-ingest,registry.layer,Productization
RS-ingest,registry.code,gungnir-ingest/Cargo.toml
RS-intercept-service,uafId,RS-intercept-service
RS-intercept-service,uafKind,ResourceArtifact
RS-intercept-service,registry.kind,library
RS-intercept-service,registry.layer,Service facades
RS-intercept-service,registry.code,gungnir-intercept-service/Cargo.toml
RS-interop,uafId,RS-interop
RS-interop,uafKind,ResourceArtifact
RS-interop,registry.kind,library
RS-interop,registry.layer,Productization
RS-interop,registry.code,gungnir-interop/Cargo.toml
RS-metrics,uafId,RS-metrics
RS-metrics,uafKind,ResourceArtifact
RS-metrics,registry.kind,library
RS-metrics,registry.layer,Tracking core
RS-metrics,registry.code,gungnir-metrics/Cargo.toml
RS-mission,uafId,RS-mission
RS-mission,uafKind,ResourceArtifact
RS-mission,registry.kind,library
RS-mission,registry.layer,Productization
RS-mission,registry.code,gungnir-mission/Cargo.toml
RS-ml,uafId,RS-ml
RS-ml,uafKind,ResourceArtifact
RS-ml,registry.kind,library
RS-ml,registry.layer,Productization
RS-ml,registry.code,gungnir-ml/Cargo.toml
RS-model,uafId,RS-model
RS-model,uafKind,ResourceArtifact
RS-model,registry.kind,library
RS-model,registry.layer,Foundation model
RS-model,registry.code,gungnir-model/Cargo.toml
RS-modelops,uafId,RS-modelops
RS-modelops,uafKind,ResourceArtifact
RS-modelops,registry.kind,library
RS-modelops,registry.layer,Productization
RS-modelops,registry.code,gungnir-modelops/Cargo.toml
RS-node,uafId,RS-node
RS-node,uafKind,ResourceArtifact
RS-node,registry.kind,binary
RS-node,registry.layer,Deployment
RS-node,registry.code,gungnir-node/Cargo.toml
RS-observability,uafId,RS-observability
RS-observability,uafKind,ResourceArtifact
RS-observability,registry.kind,library
RS-observability,registry.layer,Productization
RS-observability,registry.code,gungnir-observability/Cargo.toml
RS-oracle,uafId,RS-oracle
RS-oracle,uafKind,ResourceArtifact
RS-oracle,registry.kind,library
RS-oracle,registry.layer,Tracking core
RS-oracle,registry.code,gungnir-oracle/Cargo.toml
RS-policy,uafId,RS-policy
RS-policy,uafKind,ResourceArtifact
RS-policy,registry.kind,library
RS-policy,registry.layer,Productization
RS-policy,registry.code,gungnir-policy/Cargo.toml
RS-remote,uafId,RS-remote
RS-remote,uafKind,ResourceArtifact
RS-remote,registry.kind,library
RS-remote,registry.layer,Deployment
RS-remote,registry.code,gungnir-remote/Cargo.toml
RS-render,uafId,RS-render
RS-render,uafKind,ResourceArtifact
RS-render,registry.kind,library
RS-render,registry.layer,Data ecosystem
RS-render,registry.code,gungnir-render/Cargo.toml
RS-replay,uafId,RS-replay
RS-replay,uafKind,ResourceArtifact
RS-replay,registry.kind,library
RS-replay,registry.layer,Productization
RS-replay,registry.code,gungnir-replay/Cargo.toml
RS-reporting,uafId,RS-reporting
RS-reporting,uafKind,ResourceArtifact
RS-reporting,registry.kind,library
RS-reporting,registry.layer,Productization
RS-reporting,registry.code,gungnir-reporting/Cargo.toml
RS-resilience,uafId,RS-resilience
RS-resilience,uafKind,ResourceArtifact
RS-resilience,registry.kind,library
RS-resilience,registry.layer,Productization
RS-resilience,registry.code,gungnir-resilience/Cargo.toml
RS-rfs,uafId,RS-rfs
RS-rfs,uafKind,ResourceArtifact
RS-rfs,registry.kind,library
RS-rfs,registry.layer,Tracking core
RS-rfs,registry.code,gungnir-rfs/Cargo.toml
RS-scenario,uafId,RS-scenario
RS-scenario,uafKind,ResourceArtifact
RS-scenario,registry.kind,library
RS-scenario,registry.layer,Tracking core
RS-scenario,registry.code,gungnir-scenario/Cargo.toml
RS-security,uafId,RS-security
RS-security,uafKind,ResourceArtifact
RS-security,registry.kind,library
RS-security,registry.layer,Productization
RS-security,registry.code,gungnir-security/Cargo.toml
RS-sensor-management,uafId,RS-sensor-management
RS-sensor-management,uafKind,ResourceArtifact
RS-sensor-management,registry.kind,library
RS-sensor-management,registry.layer,Productization
RS-sensor-management,registry.code,gungnir-sensor-management/Cargo.toml
RS-store,uafId,RS-store
RS-store,uafKind,ResourceArtifact
RS-store,registry.kind,library
RS-store,registry.layer,Productization
RS-store,registry.code,gungnir-store/Cargo.toml
RS-testkit,uafId,RS-testkit
RS-testkit,uafKind,ResourceArtifact
RS-testkit,registry.kind,library
RS-testkit,registry.layer,Tracking core
RS-testkit,registry.code,gungnir-testkit/Cargo.toml
RS-time,uafId,RS-time
RS-time,uafKind,ResourceArtifact
RS-time,registry.kind,library
RS-time,registry.layer,Productization
RS-time,registry.code,gungnir-time/Cargo.toml
RS-track-fusion,uafId,RS-track-fusion
RS-track-fusion,uafKind,ResourceArtifact
RS-track-fusion,registry.kind,library
RS-track-fusion,registry.layer,Tracking core
RS-track-fusion,registry.code,gungnir-track-fusion/Cargo.toml
RS-track,uafId,RS-track
RS-track,uafKind,ResourceArtifact
RS-track,registry.kind,library
RS-track,registry.layer,Tracking core
RS-track,registry.code,gungnir-track/Cargo.toml
RS-tracking-service,uafId,RS-tracking-service
RS-tracking-service,uafKind,ResourceArtifact
RS-tracking-service,registry.kind,library
RS-tracking-service,registry.layer,Service facades
RS-tracking-service,registry.code,gungnir-tracking-service/Cargo.toml
RS-ui,uafId,RS-ui
RS-ui,uafKind,ResourceArtifact
RS-ui,registry.kind,library
RS-ui,registry.layer,User interface
RS-ui,registry.code,gungnir-ui/Cargo.toml
RS-viewport3d,uafId,RS-viewport3d
RS-viewport3d,uafKind,ResourceArtifact
RS-viewport3d,registry.kind,library
RS-viewport3d,registry.layer,User interface
RS-viewport3d,registry.code,gungnir-viewport3d/Cargo.toml
RS-workflow,uafId,RS-workflow
RS-workflow,uafKind,ResourceArtifact
RS-workflow,registry.kind,library
RS-workflow,registry.layer,Productization
RS-workflow,registry.code,gungnir-workflow/Cargo.toml
PT-01,uafId,PT-01
PT-01,uafKind,Post
PT-01,registry.code,gungnir_security::Role::Operator
PT-01,registry.performer,OP-01
PT-01,registry.in_code,True
PT-02,uafId,PT-02
PT-02,uafKind,Post
PT-02,registry.code,gungnir_security::Role::Supervisor
PT-02,registry.performer,OP-02
PT-02,registry.in_code,True
PT-03,uafId,PT-03
PT-03,uafKind,Post
PT-03,registry.code,gungnir_security::Role::Analyst
PT-03,registry.performer,OP-03
PT-03,registry.in_code,True
PT-04,uafId,PT-04
PT-04,uafKind,Post
PT-04,registry.code,gungnir_security::Role::SensorManager
PT-04,registry.performer,OP-04
PT-04,registry.in_code,True
PT-05,uafId,PT-05
PT-05,uafKind,Post
PT-05,registry.code,gungnir_security::Role::Administrator
PT-05,registry.performer,OP-05
PT-05,registry.in_code,True
PT-06,uafId,PT-06
PT-06,uafKind,Post
PT-06,registry.performer,OP-06
PT-06,registry.in_code,False
PT-06,registry.status,adopted 2026-09-04; enters the code under GAP-068
PT-07,uafId,PT-07
PT-07,uafKind,Post
PT-07,registry.performer,OP-07
PT-07,registry.in_code,False
PT-07,registry.status,adopted 2026-09-04; enters the code under GAP-068
PT-08,uafId,PT-08
PT-08,uafKind,Post
PT-08,registry.performer,OP-08
PT-08,registry.in_code,False
PT-08,registry.status,adopted 2026-09-04; enters the code under GAP-068
SD-01,uafId,SD-01
SD-01,uafKind,Standard
SD-01,registry.source,gungnir_model::SCHEMA_VERSION
SD-01,registry.status,real
SD-02,uafId,SD-02
SD-02,uafKind,Standard
SD-02,registry.source,gungnir_interop::detection_arrow_schema
SD-02,registry.status,real
SD-03,uafId,SD-03
SD-03,uafKind,Standard
SD-03,registry.source,gungnir_interop::AsterixCat048Codec
SD-03,registry.status,planned
SD-04,uafId,SD-04
SD-04,uafKind,Standard
SD-04,registry.source,gungnir_interop::Stanag4676Codec
SD-04,registry.status,planned
SD-05,uafId,SD-05
SD-05,uafKind,Standard
SD-05,registry.source,serde_json
SD-05,registry.status,real
SD-06,uafId,SD-06
SD-06,uafKind,Standard
SD-06,registry.source,docs/gungnir-api-v1.md
SD-06,registry.status,planned
SD-07,uafId,SD-07
SD-07,uafKind,Standard
SD-07,registry.source,docs/gungnir-api-v1.md
SD-07,registry.status,planned
SD-08,uafId,SD-08
SD-08,uafKind,Standard
SD-08,registry.source,ARCHITECTURE.md \u00a78.5; D-02
SD-08,registry.status,planned
SD-09,uafId,SD-09
SD-09,uafKind,Standard
SD-09,registry.source,D-09
SD-09,registry.status,planned
SD-10,uafId,SD-10
SD-10,uafKind,Standard
SD-10,registry.source,D-09
SD-10,registry.status,planned
SD-11,uafId,SD-11
SD-11,uafKind,Standard
SD-11,registry.source,D-11
SD-11,registry.status,planned
SD-12,uafId,SD-12
SD-12,uafKind,Standard
SD-12,registry.source,deploy/node/Dockerfile
SD-12,registry.status,real
SD-13,uafId,SD-13
SD-13,uafKind,Standard
SD-13,registry.source,docs/release-governance.md
SD-13,registry.status,planned
SD-14,uafId,SD-14
SD-14,uafKind,Standard
SD-14,registry.source,docs/architecture/uaf/
SD-14,registry.status,real
SD-15,uafId,SD-15
SD-15,uafKind,Standard
SD-15,registry.source,docs/plans/10-togaf-adm-documentation.md
SD-15,registry.status,planned
SD-16,uafId,SD-16
SD-16,uafKind,Standard
SD-16,registry.source,docs/design/DN-25-cursor-on-target.md
SD-16,registry.status,planned
PJ-I1,uafId,PJ-I1
PJ-I1,uafKind,Project
PJ-I1,registry.source,docs/gungnir-capabilities.md \u00a77
PJ-I1,registry.status,in progress
PJ-I2,uafId,PJ-I2
PJ-I2,uafKind,Project
PJ-I2,registry.source,docs/gungnir-capabilities.md \u00a77
PJ-I2,registry.status,planned
PJ-I3,uafId,PJ-I3
PJ-I3,uafKind,Project
PJ-I3,registry.source,docs/gungnir-capabilities.md \u00a77
PJ-I3,registry.status,planned
PJ-I4,uafId,PJ-I4
PJ-I4,uafKind,Project
PJ-I4,registry.source,docs/gungnir-capabilities.md \u00a77
PJ-I4,registry.status,planned
PJ-P01,uafId,PJ-P01
PJ-P01,uafKind,Project
PJ-P01,registry.source,docs/plans/01-product-business-plan.md
PJ-P01,registry.status,not started
PJ-P02,uafId,PJ-P02
PJ-P02,uafKind,Project
PJ-P02,registry.source,docs/plans/02-mission-analysis.md
PJ-P02,registry.status,first draft 2026-09-04
PJ-P03,uafId,PJ-P03
PJ-P03,uafKind,Project
PJ-P03,registry.source,docs/plans/03-uaf-views.md
PJ-P03,registry.status,first draft 2026-09-04
PJ-P04,uafId,PJ-P04
PJ-P04,uafKind,Project
PJ-P04,registry.source,docs/plans/04-mission-capabilities.md
PJ-P04,registry.status,first draft 2026-09-04
PJ-P05,uafId,PJ-P05
PJ-P05,uafKind,Project
PJ-P05,registry.source,docs/plans/05-capability-design-gaps.md
PJ-P05,registry.status,first draft 2026-09-04
PJ-P06,uafId,PJ-P06
PJ-P06,uafKind,Project
PJ-P06,registry.source,docs/plans/06-ux-design-by-role.md
PJ-P06,registry.status,not started
PJ-P07,uafId,PJ-P07
PJ-P07,uafKind,Project
PJ-P07,registry.source,docs/plans/07-test-track-suite.md
PJ-P07,registry.status,not started
PJ-P08,uafId,PJ-P08
PJ-P08,uafKind,Project
PJ-P08,registry.source,docs/plans/08-ai-agent-integration.md
PJ-P08,registry.status,not started
PJ-P09,uafId,PJ-P09
PJ-P09,uafKind,Project
PJ-P09,registry.source,docs/plans/09-ml-model-integration.md
PJ-P09,registry.status,not started
PJ-P10,uafId,PJ-P10
PJ-P10,uafKind,Project
PJ-P10,registry.source,docs/plans/10-togaf-adm-documentation.md
PJ-P10,registry.status,not started
IE-01,uafId,IE-01
IE-01,uafKind,InformationElement
IE-01,registry.code,gungnir_model::DetectionView
IE-02,uafId,IE-02
IE-02,uafKind,InformationElement
IE-02,registry.code,gungnir_model::TrackView
IE-03,uafId,IE-03
IE-03,uafKind,InformationElement
IE-03,registry.code,gungnir_model::ResourceView
IE-04,uafId,IE-04
IE-04,uafKind,InformationElement
IE-04,registry.code,gungnir_model::PlanView
IE-05,uafId,IE-05
IE-05,uafKind,InformationElement
IE-05,registry.code,gungnir_model::InterceptSolutionView
IE-06,uafId,IE-06
IE-06,uafKind,InformationElement
IE-06,registry.code,gungnir_model::SystemHealth
IE-07,uafId,IE-07
IE-07,uafKind,InformationElement
IE-07,registry.code,gungnir_model::Provenance
IE-08,uafId,IE-08
IE-08,uafKind,InformationElement
IE-08,registry.code,gungnir_model::Quality
IE-09,uafId,IE-09
IE-09,uafKind,InformationElement
IE-09,registry.code,gungnir_model::Classification
IE-10,uafId,IE-10
IE-10,uafKind,InformationElement
IE-10,registry.code,gungnir_model::MissionTime
IE-11,uafId,IE-11
IE-11,uafKind,InformationElement
IE-11,registry.code,gungnir_model::GlobalEntityId
IE-12,uafId,IE-12
IE-12,uafKind,InformationElement
IE-12,registry.code,gungnir_eventing::Envelope
IE-13,uafId,IE-13
IE-13,uafKind,InformationElement
IE-13,registry.code,gungnir_model::events::TrackingEvent
IE-14,uafId,IE-14
IE-14,uafKind,InformationElement
IE-14,registry.code,gungnir_model::events::InterceptEvent
IE-15,uafId,IE-15
IE-15,uafKind,InformationElement
IE-15,registry.code,gungnir_model::events::IngestEvent
IE-16,uafId,IE-16
IE-16,uafKind,InformationElement
IE-16,registry.code,gungnir_model::events::CommandEvent
IE-17,uafId,IE-17
IE-17,uafKind,InformationElement
IE-17,registry.code,gungnir_config::ConfigBaseline
IE-18,uafId,IE-18
IE-18,uafKind,InformationElement
IE-18,registry.code,gungnir_command::DecisionRecord
IE-19,uafId,IE-19
IE-19,uafKind,InformationElement
IE-19,registry.code,gungnir_policy::PolicyVerdict
IE-20,uafId,IE-20
IE-20,uafKind,InformationElement
IE-20,registry.code,gungnir_security::AuditEntry
IE-21,uafId,IE-21
IE-21,uafKind,InformationElement
IE-21,registry.code,gungnir_workflow::AlertLifecycle
IE-22,uafId,IE-22
IE-22,uafKind,InformationElement
IE-22,registry.code,gungnir_api::v1::SnapshotResponse
IE-23,uafId,IE-23
IE-23,uafKind,InformationElement
IE-23,registry.code,gungnir_api::v1::ApprovalRequest
IE-24,uafId,IE-24
IE-24,uafKind,InformationElement
IE-24,registry.code,gungnir_api::v1::SubmitDetectionRequest
IE-25,uafId,IE-25
IE-25,uafKind,InformationElement
IE-25,registry.code,gungnir_api::v1::SubscribeRequest
IE-26,uafId,IE-26
IE-26,uafKind,InformationElement
IE-26,registry.code,gungnir_interop::SchemaEntry
IE-27,uafId,IE-27
IE-27,uafKind,InformationElement
IE-27,registry.code,gungnir_sensor_management::SensorRecord
IE-28,uafId,IE-28
IE-28,uafKind,InformationElement
IE-28,registry.code,gungnir_reporting
IE-29,uafId,IE-29
IE-29,uafKind,InformationElement
IE-29,registry.code,gungnir_identification
IE-30,uafId,IE-30
IE-30,uafKind,InformationElement
IE-30,registry.code,gungnir_assessment
IE-31,uafId,IE-31
IE-31,uafKind,InformationElement
IE-31,registry.code,gungnir_resilience
IE-32,uafId,IE-32
IE-32,uafKind,InformationElement
IE-32,registry.code,gungnir_workflow::WorkspaceLayout
IE-33,uafId,IE-33
IE-33,uafKind,InformationElement
IE-33,registry.code,gungnir_mission::Mission
AR-01,uafId,AR-01
AR-01,uafKind,ActualResource
AR-01,registry.source,ARCHITECTURE.md \u00a78.7 and \u00a79
AR-02,uafId,AR-02
AR-02,uafKind,ActualResource
AR-02,registry.source,ARCHITECTURE.md \u00a78.1 and \u00a78.2
AR-03,uafId,AR-03
AR-03,uafKind,ActualResource
AR-03,registry.source,ARCHITECTURE.md \u00a78.2 and \u00a78.5
AR-04,uafId,AR-04
AR-04,uafKind,ActualResource
AR-04,registry.source,docs/mission/operational-environment.md
AR-05,uafId,AR-05
AR-05,uafKind,ActualResource
AR-05,registry.source,ARCHITECTURE.md \u00a78.6
AR-06,uafId,AR-06
AR-06,uafKind,ActualResource
AR-06,registry.source,docs/mission/roles-and-stakeholders.md \u00a73
AR-07,uafId,AR-07
AR-07,uafKind,ActualResource
AR-07,registry.source,docs/release-governance.md
REQ-F-01,uafId,REQ-F-01
REQ-F-01,uafKind,Requirement
REQ-F-01,registry.category,F
REQ-F-01,registry.source,"CAP-1.1, CAP-1.2"
REQ-F-01,registry.priority,I2
REQ-F-01,registry.verification,"Verification table, ingest row"
REQ-F-01,registry.gaps,"GAP-001, GAP-064"
REQ-F-01,registry.owner,architecture-requirements-specification.md
REQ-F-02,uafId,REQ-F-02
REQ-F-02,uafKind,Requirement
REQ-F-02,registry.category,F
REQ-F-02,registry.source,"CAP-1.2, D-02"
REQ-F-02,registry.priority,I2
REQ-F-02,registry.verification,Security gate
REQ-F-02,registry.gaps,GAP-002
REQ-F-02,registry.owner,architecture-requirements-specification.md
REQ-F-03,uafId,REQ-F-03
REQ-F-03,uafKind,Requirement
REQ-F-03,registry.category,F
REQ-F-03,registry.source,CAP-1.3
REQ-F-03,registry.priority,"I2 for the registry, I3 for outbound control"
REQ-F-03,registry.verification,"Verification table, sensor-management row"
REQ-F-03,registry.gaps,"GAP-003, GAP-004"
REQ-F-03,registry.owner,architecture-requirements-specification.md
REQ-F-04,uafId,REQ-F-04
REQ-F-04,uafKind,Requirement
REQ-F-04,registry.category,F
REQ-F-04,registry.source,CAP-1.4
REQ-F-04,registry.priority,I3
REQ-F-04,registry.verification,MOP for coverage; usability round 2
REQ-F-04,registry.gaps,"GAP-006, GAP-007"
REQ-F-04,registry.owner,architecture-requirements-specification.md
REQ-F-05,uafId,REQ-F-05
REQ-F-05,uafKind,Requirement
REQ-F-05,registry.category,F
REQ-F-05,registry.source,CAP-1.5
REQ-F-05,registry.priority,I2
REQ-F-05,registry.verification,MOP-09; the test-track skew case
REQ-F-05,registry.gaps,GAP-008
REQ-F-05,registry.owner,architecture-requirements-specification.md
REQ-F-06,uafId,REQ-F-06
REQ-F-06,uafKind,Requirement
REQ-F-06,registry.category,F
REQ-F-06,registry.source,"CAP-1.7, D-09"
REQ-F-06,registry.priority,I2
REQ-F-06,registry.verification,Codec conformance
REQ-F-06,registry.gaps,GAP-010
REQ-F-06,registry.owner,architecture-requirements-specification.md
REQ-F-07,uafId,REQ-F-07
REQ-F-07,uafKind,Requirement
REQ-F-07,registry.category,F
REQ-F-07,registry.source,CAP-2.1 to CAP-2.5
REQ-F-07,registry.priority,"I2, random finite sets I3"
REQ-F-07,registry.verification,"Verification table \u00a71, oracle agreement"
REQ-F-07,registry.gaps,"GAP-011, GAP-013, GAP-015, GAP-016"
REQ-F-07,registry.owner,architecture-requirements-specification.md
REQ-F-08,uafId,REQ-F-08
REQ-F-08,uafKind,Requirement
REQ-F-08,registry.category,F
REQ-F-08,registry.source,CAP-2.2
REQ-F-08,registry.priority,I3
REQ-F-08,registry.verification,Usability round 2; C-02
REQ-F-08,registry.gaps,GAP-012
REQ-F-08,registry.owner,architecture-requirements-specification.md
REQ-F-09,uafId,REQ-F-09
REQ-F-09,uafKind,Requirement
REQ-F-09,registry.category,F
REQ-F-09,registry.source,CAP-2.6
REQ-F-09,registry.priority,I3
REQ-F-09,registry.verification,MOE for identification; ML-01 gates
REQ-F-09,registry.gaps,GAP-018
REQ-F-09,registry.owner,architecture-requirements-specification.md
REQ-F-10,uafId,REQ-F-10
REQ-F-10,uafKind,Requirement
REQ-F-10,registry.category,F
REQ-F-10,registry.source,CAP-2.7
REQ-F-10,registry.priority,I3
REQ-F-10,registry.verification,Property test on lineage
REQ-F-10,registry.gaps,"GAP-019, GAP-069"
REQ-F-10,registry.owner,architecture-requirements-specification.md
REQ-F-11,uafId,REQ-F-11
REQ-F-11,uafKind,Requirement
REQ-F-11,registry.category,F
REQ-F-11,registry.source,"CAP-3.1, CAP-3.2"
REQ-F-11,registry.priority,I3
REQ-F-11,registry.verification,MOE-01; scenario replay
REQ-F-11,registry.gaps,"GAP-026, GAP-027"
REQ-F-11,registry.owner,architecture-requirements-specification.md
REQ-F-12,uafId,REQ-F-12
REQ-F-12,uafKind,Requirement
REQ-F-12,registry.category,F
REQ-F-12,registry.source,"CAP-3.3, CAP-3.4"
REQ-F-12,registry.priority,I3
REQ-F-12,registry.verification,"Verification table, allocation row"
REQ-F-12,registry.gaps,"GAP-029, GAP-030, GAP-031"
REQ-F-12,registry.owner,architecture-requirements-specification.md
REQ-F-13,uafId,REQ-F-13
REQ-F-13,uafKind,Requirement
REQ-F-13,registry.category,F
REQ-F-13,registry.source,CAP-3.5
REQ-F-13,registry.priority,I3
REQ-F-13,registry.verification,Usability round 2; assistant evaluation
REQ-F-13,registry.gaps,GAP-032
REQ-F-13,registry.owner,architecture-requirements-specification.md
REQ-F-14,uafId,REQ-F-14
REQ-F-14,uafKind,Requirement
REQ-F-14,registry.category,F
REQ-F-14,registry.source,"CAP-3.7, D-15"
REQ-F-14,registry.priority,I3
REQ-F-14,registry.verification,MOP for time to decision
REQ-F-14,registry.gaps,"GAP-034, GAP-035"
REQ-F-14,registry.owner,architecture-requirements-specification.md
REQ-F-15,uafId,REQ-F-15
REQ-F-15,uafKind,Requirement
REQ-F-15,registry.category,F
REQ-F-15,registry.source,CAP-5.2
REQ-F-15,registry.priority,I2
REQ-F-15,registry.verification,Journal round-trip; replay determinism
REQ-F-15,registry.gaps,GAP-045
REQ-F-15,registry.owner,architecture-requirements-specification.md
REQ-F-16,uafId,REQ-F-16
REQ-F-16,uafKind,Requirement
REQ-F-16,registry.category,F
REQ-F-16,registry.source,CAP-5.3
REQ-F-16,registry.priority,I3
REQ-F-16,registry.verification,The measures themselves
REQ-F-16,registry.gaps,GAP-047
REQ-F-16,registry.owner,architecture-requirements-specification.md
REQ-D-01,uafId,REQ-D-01
REQ-D-01,uafKind,Requirement
REQ-D-01,registry.category,D
REQ-D-01,registry.source,AP-06
REQ-D-01,registry.priority,Now
REQ-D-01,registry.verification,"Contract C-07, checked"
REQ-D-01,registry.owner,architecture-requirements-specification.md
REQ-D-02,uafId,REQ-D-02
REQ-D-02,uafKind,Requirement
REQ-D-02,registry.category,D
REQ-D-02,registry.source,"AP-07, CAP-1.2"
REQ-D-02,registry.priority,Now
REQ-D-02,registry.verification,Schema review; C-08
REQ-D-02,registry.owner,architecture-requirements-specification.md
REQ-D-03,uafId,REQ-D-03
REQ-D-03,uafKind,Requirement
REQ-D-03,registry.category,D
REQ-D-03,registry.source,"AP-07, ML-01"
REQ-D-03,registry.priority,I4
REQ-D-03,registry.verification,ML promotion gate
REQ-D-03,registry.gaps,GAP-080
REQ-D-03,registry.owner,architecture-requirements-specification.md
REQ-D-04,uafId,REQ-D-04
REQ-D-04,uafKind,Requirement
REQ-D-04,registry.category,D
REQ-D-04,registry.source,AP-08
REQ-D-04,registry.priority,Now
REQ-D-04,registry.verification,Ordering and fan-out tests
REQ-D-04,registry.owner,architecture-requirements-specification.md
REQ-D-05,uafId,REQ-D-05
REQ-D-05,uafKind,Requirement
REQ-D-05,registry.category,D
REQ-D-05,registry.source,D-04
REQ-D-05,registry.priority,I2
REQ-D-05,registry.verification,Journal durability budget
REQ-D-05,registry.owner,architecture-requirements-specification.md
REQ-D-06,uafId,REQ-D-06
REQ-D-06,uafKind,Requirement
REQ-D-06,registry.category,D
REQ-D-06,registry.source,D-03
REQ-D-06,registry.priority,I4
REQ-D-06,registry.verification,Reconciliation invariant tests
REQ-D-06,registry.owner,architecture-requirements-specification.md
REQ-D-07,uafId,REQ-D-07
REQ-D-07,uafKind,Requirement
REQ-D-07,registry.category,D
REQ-D-07,registry.source,"D-06, CAP-6.6"
REQ-D-07,registry.priority,"I3 marking, I4 enforcement"
REQ-D-07,registry.verification,Schema review; per-caller test
REQ-D-07,registry.gaps,GAP-062
REQ-D-07,registry.owner,architecture-requirements-specification.md
REQ-D-08,uafId,REQ-D-08
REQ-D-08,uafKind,Requirement
REQ-D-08,registry.category,D
REQ-D-08,registry.source,ML plan
REQ-D-08,registry.priority,I4
REQ-D-08,registry.verification,Manifest schema; repository policy
REQ-D-08,registry.gaps,GAP-078
REQ-D-08,registry.owner,architecture-requirements-specification.md
REQ-I-01,uafId,REQ-I-01
REQ-I-01,uafKind,Requirement
REQ-I-01,registry.category,I
REQ-I-01,registry.source,CAP-7.1
REQ-I-01,registry.priority,I4
REQ-I-01,registry.verification,"Conformance suite, GAP-063"
REQ-I-01,registry.gaps,GAP-041
REQ-I-01,registry.owner,architecture-requirements-specification.md
REQ-I-02,uafId,REQ-I-02
REQ-I-02,uafKind,Requirement
REQ-I-02,registry.category,I
REQ-I-02,registry.source,CAP-7.2
REQ-I-02,registry.priority,Now
REQ-I-02,registry.verification,Catalogue tests
REQ-I-02,registry.owner,architecture-requirements-specification.md
REQ-I-03,uafId,REQ-I-03
REQ-I-03,uafKind,Requirement
REQ-I-03,registry.category,I
REQ-I-03,registry.source,"SD-03, D-09"
REQ-I-03,registry.priority,I2
REQ-I-03,registry.verification,"Codec conformance, fuzz"
REQ-I-03,registry.gaps,GAP-064
REQ-I-03,registry.owner,architecture-requirements-specification.md
REQ-I-04,uafId,REQ-I-04
REQ-I-04,uafKind,Requirement
REQ-I-04,registry.category,I
REQ-I-04,registry.source,"SD-04, D-06"
REQ-I-04,registry.priority,I4
REQ-I-04,registry.verification,Codec conformance
REQ-I-04,registry.gaps,"GAP-064, GAP-065"
REQ-I-04,registry.owner,architecture-requirements-specification.md
REQ-I-05,uafId,REQ-I-05
REQ-I-05,uafKind,Requirement
REQ-I-05,registry.category,I
REQ-I-05,registry.source,D-08
REQ-I-05,registry.priority,I4
REQ-I-05,registry.verification,Synthetic peer tests
REQ-I-05,registry.gaps,"GAP-009, GAP-040, GAP-042"
REQ-I-05,registry.owner,architecture-requirements-specification.md
REQ-I-06,uafId,REQ-I-06
REQ-I-06,uafKind,Requirement
REQ-I-06,registry.category,I
REQ-I-06,registry.source,SD-02
REQ-I-06,registry.priority,Now
REQ-I-06,registry.verification,Round-trip test
REQ-I-06,registry.owner,architecture-requirements-specification.md
REQ-S-01,uafId,REQ-S-01
REQ-S-01,uafKind,Requirement
REQ-S-01,registry.category,S
REQ-S-01,registry.source,"AP-01, CAP-4.3"
REQ-S-01,registry.priority,I3
REQ-S-01,registry.verification,Contract C-01; a dedicated test
REQ-S-01,registry.gaps,GAP-039
REQ-S-01,registry.owner,architecture-requirements-specification.md
REQ-S-02,uafId,REQ-S-02
REQ-S-02,uafKind,Requirement
REQ-S-02,registry.category,S
REQ-S-02,registry.source,"CAP-6.2, D-05"
REQ-S-02,registry.priority,I3
REQ-S-02,registry.verification,Authorization tests
REQ-S-02,registry.gaps,"GAP-058, GAP-068"
REQ-S-02,registry.owner,architecture-requirements-specification.md
REQ-S-03,uafId,REQ-S-03
REQ-S-03,uafKind,Requirement
REQ-S-03,registry.category,S
REQ-S-03,registry.source,CAP-3.6
REQ-S-03,registry.priority,I3
REQ-S-03,registry.verification,Policy tests
REQ-S-03,registry.gaps,GAP-033
REQ-S-03,registry.owner,architecture-requirements-specification.md
REQ-S-04,uafId,REQ-S-04
REQ-S-04,uafKind,Requirement
REQ-S-04,registry.category,S
REQ-S-04,registry.source,"CAP-3.6, CAP-3.7"
REQ-S-04,registry.priority,I3
REQ-S-04,registry.verification,Queue tests
REQ-S-04,registry.gaps,GAP-034
REQ-S-04,registry.owner,architecture-requirements-specification.md
REQ-S-05,uafId,REQ-S-05
REQ-S-05,uafKind,Requirement
REQ-S-05,registry.category,S
REQ-S-05,registry.source,"AP-03, CAP-6.3"
REQ-S-05,registry.priority,I3
REQ-S-05,registry.verification,Audit completeness test
REQ-S-05,registry.gaps,GAP-059
REQ-S-05,registry.owner,architecture-requirements-specification.md
REQ-S-06,uafId,REQ-S-06
REQ-S-06,uafKind,Requirement
REQ-S-06,registry.category,S
REQ-S-06,registry.source,D-02
REQ-S-06,registry.priority,I4
REQ-S-06,registry.verification,Security gate
REQ-S-06,registry.gaps,GAP-057
REQ-S-06,registry.owner,architecture-requirements-specification.md
REQ-S-07,uafId,REQ-S-07
REQ-S-07,uafKind,Requirement
REQ-S-07,registry.category,S
REQ-S-07,registry.source,CAP-6.4
REQ-S-07,registry.priority,I4
REQ-S-07,registry.verification,Security gate
REQ-S-07,registry.gaps,GAP-060
REQ-S-07,registry.owner,architecture-requirements-specification.md
REQ-S-08,uafId,REQ-S-08
REQ-S-08,uafKind,Requirement
REQ-S-08,registry.category,S
REQ-S-08,registry.source,AI plan
REQ-S-08,registry.priority,I4
REQ-S-08,registry.verification,Dependency-list test; injection cases
REQ-S-08,registry.gaps,GAP-044
REQ-S-08,registry.planned_carriers,gungnir-agent
REQ-S-08,registry.owner,architecture-requirements-specification.md
REQ-S-09,uafId,REQ-S-09
REQ-S-09,uafKind,Requirement
REQ-S-09,registry.category,S
REQ-S-09,registry.source,AI plan
REQ-S-09,registry.priority,I4
REQ-S-09,registry.verification,"Seven injection cases, every case every run"
REQ-S-09,registry.gaps,GAP-044
REQ-S-09,registry.owner,architecture-requirements-specification.md
REQ-S-10,uafId,REQ-S-10
REQ-S-10,uafKind,Requirement
REQ-S-10,registry.category,S
REQ-S-10,registry.source,CAP-6.5
REQ-S-10,registry.priority,I2
REQ-S-10,registry.verification,The workflow itself
REQ-S-10,registry.gaps,GAP-061
REQ-S-10,registry.owner,architecture-requirements-specification.md
REQ-P-01,uafId,REQ-P-01
REQ-P-01,uafKind,Requirement
REQ-P-01,registry.category,P
REQ-P-01,registry.source,"Budgets, desktop"
REQ-P-01,registry.priority,I3
REQ-P-01,registry.verification,Tick harness plus viewport spans
REQ-P-01,registry.owner,architecture-requirements-specification.md
REQ-P-02,uafId,REQ-P-02
REQ-P-02,uafKind,Requirement
REQ-P-02,registry.category,P
REQ-P-02,registry.source,"Budgets, desktop"
REQ-P-02,registry.priority,I2
REQ-P-02,registry.verification,Tick harness
REQ-P-02,registry.owner,architecture-requirements-specification.md
REQ-P-03,uafId,REQ-P-03
REQ-P-03,uafKind,Requirement
REQ-P-03,registry.category,P
REQ-P-03,registry.source,"Budgets, desktop"
REQ-P-03,registry.priority,I2
REQ-P-03,registry.verification,Tick harness
REQ-P-03,registry.owner,architecture-requirements-specification.md
REQ-P-04,uafId,REQ-P-04
REQ-P-04,uafKind,Requirement
REQ-P-04,registry.category,P
REQ-P-04,registry.source,"Budgets, desktop"
REQ-P-04,registry.priority,I2
REQ-P-04,registry.verification,Scenario 3 replay
REQ-P-04,registry.owner,architecture-requirements-specification.md
REQ-P-05,uafId,REQ-P-05
REQ-P-05,uafKind,Requirement
REQ-P-05,registry.category,P
REQ-P-05,registry.source,"Budgets, node"
REQ-P-05,registry.priority,I4
REQ-P-05,registry.verification,Load generation through the recorded adapter
REQ-P-05,registry.owner,architecture-requirements-specification.md
REQ-P-06,uafId,REQ-P-06
REQ-P-06,uafKind,Requirement
REQ-P-06,registry.category,P
REQ-P-06,registry.source,"Budgets, node"
REQ-P-06,registry.priority,I4
REQ-P-06,registry.verification,Node tick harness
REQ-P-06,registry.owner,architecture-requirements-specification.md
REQ-P-07,uafId,REQ-P-07
REQ-P-07,uafKind,Requirement
REQ-P-07,registry.category,P
REQ-P-07,registry.source,"Budgets, node"
REQ-P-07,registry.priority,I4
REQ-P-07,registry.verification,Checkpoint replay test
REQ-P-07,registry.owner,architecture-requirements-specification.md
REQ-P-08,uafId,REQ-P-08
REQ-P-08,uafKind,Requirement
REQ-P-08,registry.category,P
REQ-P-08,registry.source,"Budgets, connectivity"
REQ-P-08,registry.priority,I4
REQ-P-08,registry.verification,Integration test that cuts the transport
REQ-P-08,registry.owner,architecture-requirements-specification.md
REQ-P-09,uafId,REQ-P-09
REQ-P-09,uafKind,Requirement
REQ-P-09,registry.category,P
REQ-P-09,registry.source,Verification table \u00a71
REQ-P-09,registry.priority,Now
REQ-P-09,registry.verification,"Property tests, already a gate"
REQ-P-09,registry.owner,architecture-requirements-specification.md
REQ-U-01,uafId,REQ-U-01
REQ-U-01,uafKind,Requirement
REQ-U-01,registry.category,U
REQ-U-01,registry.source,"CAP-5.9, D-05"
REQ-U-01,registry.priority,I3
REQ-U-01,registry.verification,Usability round 2
REQ-U-01,registry.gaps,GAP-055
REQ-U-01,registry.owner,architecture-requirements-specification.md
REQ-U-02,uafId,REQ-U-02
REQ-U-02,uafKind,Requirement
REQ-U-02,registry.category,U
REQ-U-02,registry.source,UX plan
REQ-U-02,registry.priority,I3
REQ-U-02,registry.verification,Heuristic walkthrough; MOP-37
REQ-U-02,registry.gaps,GAP-072
REQ-U-02,registry.owner,architecture-requirements-specification.md
REQ-U-03,uafId,REQ-U-03
REQ-U-03,uafKind,Requirement
REQ-U-03,registry.category,U
REQ-U-03,registry.source,AP-02
REQ-U-03,registry.priority,I3
REQ-U-03,registry.verification,Usability round 2; contract C-02
REQ-U-03,registry.gaps,"GAP-072, GAP-073"
REQ-U-03,registry.owner,architecture-requirements-specification.md
REQ-U-04,uafId,REQ-U-04
REQ-U-04,uafKind,Requirement
REQ-U-04,registry.category,U
REQ-U-04,registry.source,"AI plan, UX principle 7"
REQ-U-04,registry.priority,I4
REQ-U-04,registry.verification,Assistant evaluation; usability round 2
REQ-U-04,registry.gaps,GAP-044
REQ-U-04,registry.owner,architecture-requirements-specification.md
REQ-U-05,uafId,REQ-U-05
REQ-U-05,uafKind,Requirement
REQ-U-05,registry.category,U
REQ-U-05,registry.source,D-12
REQ-U-05,registry.priority,I3
REQ-U-05,registry.verification,Baseline schema test
REQ-U-05,registry.gaps,GAP-070
REQ-U-05,registry.owner,architecture-requirements-specification.md
REQ-C-01,uafId,REQ-C-01
REQ-C-01,uafKind,Requirement
REQ-C-01,registry.category,C
REQ-C-01,registry.source,AP-10
REQ-C-01,registry.priority,constraint
REQ-C-01,registry.verification,"Contract C-11, checked"
REQ-C-01,registry.owner,architecture-requirements-specification.md
REQ-C-02,uafId,REQ-C-02
REQ-C-02,uafKind,Requirement
REQ-C-02,registry.category,C
REQ-C-02,registry.source,AP-14
REQ-C-02,registry.priority,constraint
REQ-C-02,registry.verification,"Contract C-14, checked"
REQ-C-02,registry.owner,architecture-requirements-specification.md
REQ-C-03,uafId,REQ-C-03
REQ-C-03,uafKind,Requirement
REQ-C-03,registry.category,C
REQ-C-03,registry.source,AP-12
REQ-C-03,registry.priority,constraint
REQ-C-03,registry.verification,"Checked, zero today"
REQ-C-03,registry.owner,architecture-requirements-specification.md
REQ-C-04,uafId,REQ-C-04
REQ-C-04,uafKind,Requirement
REQ-C-04,registry.category,C
REQ-C-04,registry.source,AP-12
REQ-C-04,registry.priority,constraint
REQ-C-04,registry.verification,Contract C-03; GAP-082
REQ-C-04,registry.owner,architecture-requirements-specification.md
REQ-C-05,uafId,REQ-C-05
REQ-C-05,uafKind,Requirement
REQ-C-05,registry.category,C
REQ-C-05,registry.source,AP-15
REQ-C-05,registry.priority,constraint
REQ-C-05,registry.verification,Contract C-15
REQ-C-05,registry.owner,architecture-requirements-specification.md
REQ-C-06,uafId,REQ-C-06
REQ-C-06,uafKind,Requirement
REQ-C-06,registry.category,C
REQ-C-06,registry.source,AP-05
REQ-C-06,registry.priority,constraint
REQ-C-06,registry.verification,Contract C-06
REQ-C-06,registry.owner,architecture-requirements-specification.md
REQ-C-07,uafId,REQ-C-07
REQ-C-07,uafKind,Requirement
REQ-C-07,registry.category,C
REQ-C-07,registry.source,AP-13
REQ-C-07,registry.priority,constraint
REQ-C-07,registry.verification,Contract C-13
REQ-C-07,registry.owner,architecture-requirements-specification.md
REQ-C-08,uafId,REQ-C-08
REQ-C-08,uafKind,Requirement
REQ-C-08,registry.category,C
REQ-C-08,registry.source,AP-17
REQ-C-08,registry.priority,constraint
REQ-C-08,registry.verification,Contract C-17; diff review
REQ-C-08,registry.owner,architecture-requirements-specification.md
REQ-C-09,uafId,REQ-C-09
REQ-C-09,uafKind,Requirement
REQ-C-09,registry.category,C
REQ-C-09,registry.source,AP-04
REQ-C-09,registry.priority,constraint
REQ-C-09,registry.verification,Contract C-05
REQ-C-09,registry.owner,architecture-requirements-specification.md
REQ-C-10,uafId,REQ-C-10
REQ-C-10,uafKind,Requirement
REQ-C-10,registry.category,C
REQ-C-10,registry.source,AP-16
REQ-C-10,registry.priority,constraint
REQ-C-10,registry.verification,Contract C-16
REQ-C-10,registry.owner,architecture-requirements-specification.md
RS-model,conformsTo,SD-01 Gungnir canonical schema v1; SD-05 JSON (RFC 8259)
RS-store,conformsTo,SD-01 Gungnir canonical schema v1; SD-05 JSON (RFC 8259)
RS-config,conformsTo,SD-01 Gungnir canonical schema v1; SD-05 JSON (RFC 8259)
RS-api,conformsTo,SD-01 Gungnir canonical schema v1; SD-05 JSON (RFC 8259); SD-06 HTTP/1.1 (RFC 9112) (planned); SD-07 WebSocket (RFC 6455) (planned); SD-08 TLS 1.3 (RFC 8446) (planned)
RS-remote,conformsTo,SD-06 HTTP/1.1 (RFC 9112) (planned); SD-07 WebSocket (RFC 6455) (planned); SD-08 TLS 1.3 (RFC 8446) (planned); SD-16 Cursor-on-Target (CoT) (planned)
RS-node,conformsTo,SD-12 OCI container image; SD-08 TLS 1.3 (RFC 8446) (planned); SD-13 Software bill of materials (CycloneDX JSON) and signed releases (planned)
RS-interop,conformsTo,SD-02 Apache Arrow (arrow 53); SD-03 ASTERIX Category 048 (Eurocontrol) (planned); SD-04 STANAG 4676 (NATO ISR tracking standard) (planned); SD-16 Cursor-on-Target (CoT) (planned)
RS-ingest,conformsTo,SD-16 Cursor-on-Target (CoT) (planned); SD-09 AIS (ITU-R M.1371) (planned); SD-10 ADS-B 1090 ES (RTCA DO-260B) (planned)
RS-identity,conformsTo,SD-11 UUID version 7 (RFC 9562) (planned)
RS-app,conformsTo,SD-13 Software bill of materials (CycloneDX JSON) and signed releases (planned)
