rel_id,key,value
REL:exhibits:OP-30->CAP-1.1,uafRelationship,exhibits
REL:exhibits:OP-30->CAP-1.2,uafRelationship,exhibits
REL:exhibits:OP-30->CAP-1.3,uafRelationship,exhibits
REL:exhibits:OP-30->CAP-1.4,uafRelationship,exhibits
REL:exhibits:OP-30->CAP-1.5,uafRelationship,exhibits
REL:exhibits:OP-30->CAP-1.6,uafRelationship,exhibits
REL:exhibits:OP-30->CAP-1.7,uafRelationship,exhibits
REL:exhibits:OP-30->CAP-2.1,uafRelationship,exhibits
REL:exhibits:OP-30->CAP-2.2,uafRelationship,exhibits
REL:exhibits:OP-30->CAP-2.3,uafRelationship,exhibits
REL:exhibits:OP-30->CAP-2.4,uafRelationship,exhibits
REL:exhibits:OP-30->CAP-2.5,uafRelationship,exhibits
REL:exhibits:OP-30->CAP-2.6,uafRelationship,exhibits
REL:exhibits:OP-30->CAP-2.7,uafRelationship,exhibits
REL:exhibits:OP-30->CAP-2.8,uafRelationship,exhibits
REL:exhibits:OP-30->CAP-2.9,uafRelationship,exhibits
REL:exhibits:OP-30->CAP-2.10,uafRelationship,exhibits
REL:exhibits:OP-30->CAP-2.11,uafRelationship,exhibits
REL:exhibits:OP-30->CAP-2.12,uafRelationship,exhibits
REL:exhibits:OP-30->CAP-3.1,uafRelationship,exhibits
REL:exhibits:OP-30->CAP-3.2,uafRelationship,exhibits
REL:exhibits:OP-30->CAP-3.3,uafRelationship,exhibits
REL:exhibits:OP-30->CAP-3.4,uafRelationship,exhibits
REL:exhibits:OP-30->CAP-3.5,uafRelationship,exhibits
REL:exhibits:OP-30->CAP-3.6,uafRelationship,exhibits
REL:exhibits:OP-30->CAP-3.7,uafRelationship,exhibits
REL:exhibits:OP-30->CAP-3.8,uafRelationship,exhibits
REL:exhibits:OP-30->CAP-3.9,uafRelationship,exhibits
REL:exhibits:OP-30->CAP-4.1,uafRelationship,exhibits
REL:exhibits:OP-30->CAP-4.2,uafRelationship,exhibits
REL:exhibits:OP-30->CAP-4.3,uafRelationship,exhibits
REL:exhibits:OP-30->CAP-4.4,uafRelationship,exhibits
REL:exhibits:OP-30->CAP-4.5,uafRelationship,exhibits
REL:exhibits:OP-30->CAP-4.6,uafRelationship,exhibits
REL:exhibits:OP-30->CAP-4.7,uafRelationship,exhibits
REL:exhibits:OP-30->CAP-5.1,uafRelationship,exhibits
REL:exhibits:OP-30->CAP-5.2,uafRelationship,exhibits
REL:exhibits:OP-30->CAP-5.3,uafRelationship,exhibits
REL:exhibits:OP-30->CAP-5.4,uafRelationship,exhibits
REL:exhibits:OP-30->CAP-5.5,uafRelationship,exhibits
REL:exhibits:OP-30->CAP-5.6,uafRelationship,exhibits
REL:exhibits:OP-30->CAP-5.7,uafRelationship,exhibits
REL:exhibits:OP-30->CAP-5.8,uafRelationship,exhibits
REL:exhibits:OP-30->CAP-5.9,uafRelationship,exhibits
REL:exhibits:OP-30->CAP-5.10,uafRelationship,exhibits
REL:exhibits:OP-30->CAP-6.1,uafRelationship,exhibits
REL:exhibits:OP-30->CAP-6.2,uafRelationship,exhibits
REL:exhibits:OP-30->CAP-6.3,uafRelationship,exhibits
REL:exhibits:OP-30->CAP-6.4,uafRelationship,exhibits
REL:exhibits:OP-30->CAP-6.5,uafRelationship,exhibits
REL:exhibits:OP-30->CAP-6.6,uafRelationship,exhibits
REL:exhibits:OP-30->CAP-6.7,uafRelationship,exhibits
REL:exhibits:OP-30->CAP-7.1,uafRelationship,exhibits
REL:exhibits:OP-30->CAP-7.2,uafRelationship,exhibits
REL:exhibits:OP-30->CAP-7.3,uafRelationship,exhibits
REL:exhibits:OP-30->CAP-7.4,uafRelationship,exhibits
REL:exhibits:OP-01->CAP-2.6,uafRelationship,exhibits
REL:exhibits:OP-01->CAP-3.6,uafRelationship,exhibits
REL:exhibits:OP-01->CAP-4.1,uafRelationship,exhibits
REL:exhibits:OP-01->CAP-4.2,uafRelationship,exhibits
REL:exhibits:OP-01->CAP-5.9,uafRelationship,exhibits
REL:exhibits:OP-02->CAP-3.6,uafRelationship,exhibits
REL:exhibits:OP-02->CAP-3.7,uafRelationship,exhibits
REL:exhibits:OP-02->CAP-4.2,uafRelationship,exhibits
REL:exhibits:OP-02->CAP-5.4,uafRelationship,exhibits
REL:exhibits:OP-02->CAP-5.5,uafRelationship,exhibits
REL:exhibits:OP-02->CAP-5.6,uafRelationship,exhibits
REL:exhibits:OP-02->CAP-5.9,uafRelationship,exhibits
REL:exhibits:OP-03->CAP-5.2,uafRelationship,exhibits
REL:exhibits:OP-03->CAP-5.3,uafRelationship,exhibits
REL:exhibits:OP-03->CAP-5.7,uafRelationship,exhibits
REL:exhibits:OP-03->CAP-5.9,uafRelationship,exhibits
REL:exhibits:OP-04->CAP-1.3,uafRelationship,exhibits
REL:exhibits:OP-04->CAP-1.4,uafRelationship,exhibits
REL:exhibits:OP-04->CAP-3.9,uafRelationship,exhibits
REL:exhibits:OP-04->CAP-5.9,uafRelationship,exhibits
REL:exhibits:OP-05->CAP-5.6,uafRelationship,exhibits
REL:exhibits:OP-05->CAP-6.1,uafRelationship,exhibits
REL:exhibits:OP-05->CAP-6.2,uafRelationship,exhibits
REL:exhibits:OP-05->CAP-6.3,uafRelationship,exhibits
REL:exhibits:OP-05->CAP-6.5,uafRelationship,exhibits
REL:exhibits:OP-05->CAP-7.3,uafRelationship,exhibits
REL:exhibits:OP-06->CAP-1.3,uafRelationship,exhibits
REL:exhibits:OP-06->CAP-2.6,uafRelationship,exhibits
REL:exhibits:OP-06->CAP-2.7,uafRelationship,exhibits
REL:exhibits:OP-06->CAP-2.12,uafRelationship,exhibits
REL:exhibits:OP-06->CAP-6.6,uafRelationship,exhibits
REL:exhibits:OP-06->CAP-7.4,uafRelationship,exhibits
REL:exhibits:OP-06->CAP-5.9,uafRelationship,exhibits
REL:exhibits:OP-07->CAP-1.4,uafRelationship,exhibits
REL:exhibits:OP-07->CAP-3.1,uafRelationship,exhibits
REL:exhibits:OP-07->CAP-5.2,uafRelationship,exhibits
REL:exhibits:OP-07->CAP-5.6,uafRelationship,exhibits
REL:exhibits:OP-07->CAP-5.9,uafRelationship,exhibits
REL:exhibits:OP-08->CAP-3.1,uafRelationship,exhibits
REL:exhibits:OP-08->CAP-3.6,uafRelationship,exhibits
REL:exhibits:OP-08->CAP-4.2,uafRelationship,exhibits
REL:exhibits:OP-08->CAP-5.6,uafRelationship,exhibits
REL:exhibits:OP-08->CAP-5.9,uafRelationship,exhibits
REL:exhibits:OP-31->CAP-2.10,uafRelationship,exhibits
REL:exhibits:OP-31->CAP-2.11,uafRelationship,exhibits
REL:exhibits:OP-31->CAP-4.1,uafRelationship,exhibits
REL:exhibits:OP-31->CAP-5.4,uafRelationship,exhibits
REL:exhibits:OP-31->CAP-5.9,uafRelationship,exhibits
REL:exhibits:OP-31->CAP-7.3,uafRelationship,exhibits
REL:exhibits:OP-32->CAP-5.1,uafRelationship,exhibits
REL:exhibits:OP-32->CAP-5.4,uafRelationship,exhibits
REL:exhibits:OP-32->CAP-6.1,uafRelationship,exhibits
REL:exhibits:OP-32->CAP-6.4,uafRelationship,exhibits
REL:exhibits:OP-32->CAP-7.1,uafRelationship,exhibits
REL:exhibits:OP-32->CAP-7.3,uafRelationship,exhibits
REL:exhibits:OP-32->CAP-7.4,uafRelationship,exhibits
REL:exhibits:OP-33->CAP-1.1,uafRelationship,exhibits
REL:exhibits:OP-33->CAP-1.7,uafRelationship,exhibits
REL:exhibits:OP-34->CAP-4.4,uafRelationship,exhibits
REL:achieves:OA-01->CAP-1.1,uafRelationship,achieves
REL:achieves:OA-01->CAP-1.2,uafRelationship,achieves
REL:achieves:OA-01->CAP-1.5,uafRelationship,achieves
REL:achieves:OA-01->CAP-6.7,uafRelationship,achieves
REL:achieves:OA-02->CAP-2.1,uafRelationship,achieves
REL:achieves:OA-02->CAP-2.2,uafRelationship,achieves
REL:achieves:OA-02->CAP-2.3,uafRelationship,achieves
REL:achieves:OA-02->CAP-2.4,uafRelationship,achieves
REL:achieves:OA-02->CAP-2.5,uafRelationship,achieves
REL:achieves:OA-03->CAP-2.6,uafRelationship,achieves
REL:achieves:OA-04->CAP-2.8,uafRelationship,achieves
REL:achieves:OA-04->CAP-3.2,uafRelationship,achieves
REL:achieves:OA-05->CAP-3.3,uafRelationship,achieves
REL:achieves:OA-05->CAP-3.4,uafRelationship,achieves
REL:achieves:OA-05->CAP-3.5,uafRelationship,achieves
REL:achieves:OA-06->CAP-3.6,uafRelationship,achieves
REL:achieves:OA-06->CAP-4.3,uafRelationship,achieves
REL:achieves:OA-07->CAP-4.1,uafRelationship,achieves
REL:achieves:OA-07->CAP-4.2,uafRelationship,achieves
REL:achieves:OA-07->CAP-4.3,uafRelationship,achieves
REL:achieves:OA-08->CAP-4.4,uafRelationship,achieves
REL:achieves:OA-09->CAP-4.5,uafRelationship,achieves
REL:achieves:OA-10->CAP-4.6,uafRelationship,achieves
REL:achieves:OA-11->CAP-5.1,uafRelationship,achieves
REL:achieves:OA-11->CAP-5.3,uafRelationship,achieves
REL:achieves:OA-12->CAP-1.3,uafRelationship,achieves
REL:achieves:OA-12->CAP-1.4,uafRelationship,achieves
REL:achieves:OA-12->CAP-2.11,uafRelationship,achieves
REL:achieves:OA-13->CAP-5.5,uafRelationship,achieves
REL:achieves:OA-13->CAP-1.5,uafRelationship,achieves
REL:achieves:OA-14->CAP-3.9,uafRelationship,achieves
REL:achieves:OA-15->CAP-1.6,uafRelationship,achieves
REL:achieves:OA-15->CAP-7.1,uafRelationship,achieves
REL:achieves:OA-15->CAP-7.2,uafRelationship,achieves
REL:achieves:OA-15->CAP-7.4,uafRelationship,achieves
REL:achieves:OA-16->CAP-2.9,uafRelationship,achieves
REL:achieves:OA-17->CAP-1.3,uafRelationship,achieves
REL:achieves:OA-18->CAP-2.6,uafRelationship,achieves
REL:achieves:OA-18->CAP-1.7,uafRelationship,achieves
REL:achieves:OA-19->CAP-2.7,uafRelationship,achieves
REL:achieves:OA-19->CAP-2.12,uafRelationship,achieves
REL:achieves:OA-20->CAP-6.6,uafRelationship,achieves
REL:achieves:OA-20->CAP-7.4,uafRelationship,achieves
REL:achieves:OA-20->CAP-5.8,uafRelationship,achieves
REL:achieves:OA-21->CAP-3.1,uafRelationship,achieves
REL:achieves:OA-22->CAP-1.4,uafRelationship,achieves
REL:achieves:OA-22->CAP-2.10,uafRelationship,achieves
REL:achieves:OA-22->CAP-2.11,uafRelationship,achieves
REL:achieves:OA-23->CAP-3.6,uafRelationship,achieves
REL:achieves:OA-23->CAP-5.6,uafRelationship,achieves
REL:achieves:OA-24->CAP-5.6,uafRelationship,achieves
REL:achieves:OA-25->CAP-5.2,uafRelationship,achieves
REL:achieves:OA-26->CAP-5.3,uafRelationship,achieves
REL:achieves:OA-26->CAP-5.8,uafRelationship,achieves
REL:achieves:OA-27->CAP-5.4,uafRelationship,achieves
REL:achieves:OA-27->CAP-7.3,uafRelationship,achieves
REL:achieves:OA-28->CAP-5.4,uafRelationship,achieves
REL:achieves:OA-29->CAP-5.4,uafRelationship,achieves
REL:achieves:OA-30->CAP-3.8,uafRelationship,achieves
REL:achieves:OA-31->CAP-3.7,uafRelationship,achieves
REL:achieves:OA-32->CAP-4.7,uafRelationship,achieves
REL:achieves:OA-32->CAP-5.8,uafRelationship,achieves
REL:achieves:OA-33->CAP-5.7,uafRelationship,achieves
REL:achieves:OA-34->CAP-6.1,uafRelationship,achieves
REL:achieves:OA-34->CAP-6.2,uafRelationship,achieves
REL:achieves:OA-35->CAP-6.3,uafRelationship,achieves
REL:achieves:OA-36->CAP-1.7,uafRelationship,achieves
REL:achieves:OA-11->CAP-5.10,uafRelationship,achieves
REL:achieves:OA-24->CAP-6.5,uafRelationship,achieves
REL:achieves:OA-15->CAP-6.4,uafRelationship,achieves
REL:achieves:OA-07->CAP-5.9,uafRelationship,achieves
REL:performs:OP-01->OA-03,uafRelationship,performs
REL:performs:OP-01->OA-07,uafRelationship,performs
REL:performs:OP-01->OA-12,uafRelationship,performs
REL:performs:OP-01->OA-16,uafRelationship,performs
REL:performs:OP-01->OA-27,uafRelationship,performs
REL:performs:OP-02->OA-07,uafRelationship,performs
REL:performs:OP-02->OA-13,uafRelationship,performs
REL:performs:OP-02->OA-23,uafRelationship,performs
REL:performs:OP-02->OA-24,uafRelationship,performs
REL:performs:OP-02->OA-29,uafRelationship,performs
REL:performs:OP-02->OA-31,uafRelationship,performs
REL:performs:OP-03->OA-11,uafRelationship,performs
REL:performs:OP-03->OA-25,uafRelationship,performs
REL:performs:OP-03->OA-26,uafRelationship,performs
REL:performs:OP-03->OA-33,uafRelationship,performs
REL:performs:OP-04->OA-12,uafRelationship,performs
REL:performs:OP-04->OA-14,uafRelationship,performs
REL:performs:OP-04->OA-17,uafRelationship,performs
REL:performs:OP-04->OA-22,uafRelationship,performs
REL:performs:OP-05->OA-24,uafRelationship,performs
REL:performs:OP-05->OA-34,uafRelationship,performs
REL:performs:OP-05->OA-35,uafRelationship,performs
REL:performs:OP-06->OA-03,uafRelationship,performs
REL:performs:OP-06->OA-17,uafRelationship,performs
REL:performs:OP-06->OA-18,uafRelationship,performs
REL:performs:OP-06->OA-19,uafRelationship,performs
REL:performs:OP-06->OA-20,uafRelationship,performs
REL:performs:OP-07->OA-21,uafRelationship,performs
REL:performs:OP-07->OA-22,uafRelationship,performs
REL:performs:OP-07->OA-23,uafRelationship,performs
REL:performs:OP-07->OA-25,uafRelationship,performs
REL:performs:OP-08->OA-07,uafRelationship,performs
REL:performs:OP-08->OA-13,uafRelationship,performs
REL:performs:OP-08->OA-21,uafRelationship,performs
REL:performs:OP-08->OA-23,uafRelationship,performs
REL:performs:OP-08->OA-24,uafRelationship,performs
REL:performs:OP-08->OA-26,uafRelationship,performs
REL:performs:OP-20->OA-15,uafRelationship,performs
REL:performs:OP-20->OA-23,uafRelationship,performs
REL:performs:OP-21->OA-15,uafRelationship,performs
REL:performs:OP-22->OA-08,uafRelationship,performs
REL:performs:OP-22->OA-10,uafRelationship,performs
REL:performs:OP-23->OA-12,uafRelationship,performs
REL:performs:OP-24->OA-09,uafRelationship,performs
REL:performs:OP-24->OA-36,uafRelationship,performs
REL:performs:OP-25->OA-09,uafRelationship,performs
REL:performs:OP-25->OA-36,uafRelationship,performs
REL:performs:OP-26->OA-15,uafRelationship,performs
REL:performs:OP-26->OA-20,uafRelationship,performs
REL:performs:OP-30->OA-01,uafRelationship,performs
REL:performs:OP-30->OA-02,uafRelationship,performs
REL:performs:OP-30->OA-03,uafRelationship,performs
REL:performs:OP-30->OA-04,uafRelationship,performs
REL:performs:OP-30->OA-05,uafRelationship,performs
REL:performs:OP-30->OA-06,uafRelationship,performs
REL:performs:OP-30->OA-08,uafRelationship,performs
REL:performs:OP-30->OA-09,uafRelationship,performs
REL:performs:OP-30->OA-10,uafRelationship,performs
REL:performs:OP-30->OA-11,uafRelationship,performs
REL:performs:OP-30->OA-12,uafRelationship,performs
REL:performs:OP-30->OA-13,uafRelationship,performs
REL:performs:OP-30->OA-14,uafRelationship,performs
REL:performs:OP-30->OA-15,uafRelationship,performs
REL:performs:OP-30->OA-16,uafRelationship,performs
REL:performs:OP-30->OA-18,uafRelationship,performs
REL:performs:OP-30->OA-19,uafRelationship,performs
REL:performs:OP-30->OA-20,uafRelationship,performs
REL:performs:OP-30->OA-22,uafRelationship,performs
REL:performs:OP-30->OA-24,uafRelationship,performs
REL:performs:OP-30->OA-25,uafRelationship,performs
REL:performs:OP-30->OA-27,uafRelationship,performs
REL:performs:OP-30->OA-28,uafRelationship,performs
REL:performs:OP-30->OA-30,uafRelationship,performs
REL:performs:OP-30->OA-31,uafRelationship,performs
REL:performs:OP-30->OA-32,uafRelationship,performs
REL:performs:OP-30->OA-33,uafRelationship,performs
REL:performs:OP-30->OA-34,uafRelationship,performs
REL:performs:OP-30->OA-35,uafRelationship,performs
REL:performs:OP-30->OA-36,uafRelationship,performs
REL:realizes:SV-08->OA-01,uafRelationship,realizes
REL:realizes:SV-05->OA-01,uafRelationship,realizes
REL:realizes:SV-05->OA-13,uafRelationship,realizes
REL:realizes:SV-10->OA-01,uafRelationship,realizes
REL:realizes:SV-10->OA-15,uafRelationship,realizes
REL:realizes:SV-10->OA-36,uafRelationship,realizes
REL:realizes:SV-01->OA-02,uafRelationship,realizes
REL:realizes:SV-12->OA-03,uafRelationship,realizes
REL:realizes:SV-12->OA-18,uafRelationship,realizes
REL:realizes:SV-11->OA-19,uafRelationship,realizes
REL:realizes:SV-17->OA-04,uafRelationship,realizes
REL:realizes:SV-02->OA-05,uafRelationship,realizes
REL:realizes:SV-02->OA-30,uafRelationship,realizes
REL:realizes:SV-18->OA-05,uafRelationship,realizes
REL:realizes:SV-18->OA-14,uafRelationship,realizes
REL:realizes:SV-18->OA-25,uafRelationship,realizes
REL:realizes:SV-15->OA-06,uafRelationship,realizes
REL:realizes:SV-15->OA-23,uafRelationship,realizes
REL:realizes:SV-16->OA-07,uafRelationship,realizes
REL:realizes:SV-16->OA-31,uafRelationship,realizes
REL:realizes:SV-23->OA-08,uafRelationship,realizes
REL:realizes:SV-23->OA-08,status,planned
REL:realizes:SV-23->OA-09,uafRelationship,realizes
REL:realizes:SV-23->OA-09,status,planned
REL:realizes:SV-23->OA-15,uafRelationship,realizes
REL:realizes:SV-23->OA-15,status,planned
REL:realizes:SV-23->OA-20,uafRelationship,realizes
REL:realizes:SV-23->OA-20,status,planned
REL:realizes:SV-27->OA-09,uafRelationship,realizes
REL:realizes:SV-27->OA-13,uafRelationship,realizes
REL:realizes:SV-27->OA-16,uafRelationship,realizes
REL:realizes:SV-27->OA-17,uafRelationship,realizes
REL:realizes:SV-24->OA-13,uafRelationship,realizes
REL:realizes:SV-03->OA-10,uafRelationship,realizes
REL:realizes:SV-03->OA-11,uafRelationship,realizes
REL:realizes:SV-04->OA-11,uafRelationship,realizes
REL:realizes:SV-04->OA-27,uafRelationship,realizes
REL:realizes:SV-29->OA-11,uafRelationship,realizes
REL:realizes:SV-29->OA-26,uafRelationship,realizes
REL:realizes:SV-29->OA-19,uafRelationship,realizes
REL:realizes:SV-29->OA-20,uafRelationship,realizes
REL:realizes:SV-33->OA-26,uafRelationship,realizes
REL:realizes:SV-09->OA-12,uafRelationship,realizes
REL:realizes:SV-09->OA-14,uafRelationship,realizes
REL:realizes:SV-09->OA-22,uafRelationship,realizes
REL:realizes:SV-14->OA-12,uafRelationship,realizes
REL:realizes:SV-14->OA-22,uafRelationship,realizes
REL:realizes:SV-14->OA-16,uafRelationship,realizes
REL:realizes:SV-13->OA-22,uafRelationship,realizes
REL:realizes:SV-13->OA-23,uafRelationship,realizes
REL:realizes:SV-06->OA-21,uafRelationship,realizes
REL:realizes:SV-06->OA-23,uafRelationship,realizes
REL:realizes:SV-06->OA-24,uafRelationship,realizes
REL:realizes:SV-07->OA-24,uafRelationship,realizes
REL:realizes:SV-07->OA-25,uafRelationship,realizes
REL:realizes:SV-28->OA-25,uafRelationship,realizes
REL:realizes:SV-28->OA-26,uafRelationship,realizes
REL:realizes:SV-34->OA-25,uafRelationship,realizes
REL:realizes:SV-30->OA-27,uafRelationship,realizes
REL:realizes:SV-30->OA-28,uafRelationship,realizes
REL:realizes:SV-25->OA-27,uafRelationship,realizes
REL:realizes:SV-25->OA-28,uafRelationship,realizes
REL:realizes:SV-26->OA-29,uafRelationship,realizes
REL:realizes:SV-26->OA-15,uafRelationship,realizes
REL:realizes:SV-19->OA-33,uafRelationship,realizes
REL:realizes:SV-20->OA-34,uafRelationship,realizes
REL:realizes:SV-21->OA-34,uafRelationship,realizes
REL:realizes:SV-22->OA-35,uafRelationship,realizes
REL:realizes:SV-31->OA-12,uafRelationship,realizes
REL:realizes:SV-31->OA-22,uafRelationship,realizes
REL:realizes:SV-32->OA-02,uafRelationship,realizes
REL:realizes:SV-32->OA-02,status,planned
REL:realizes:SV-18->OA-32,uafRelationship,realizes
REL:realizes:SV-18->OA-32,status,planned
REL:implements:RS-tracking-service->SV-01,uafRelationship,implements
REL:implements:RS-fusion-async->SV-01,uafRelationship,implements
REL:implements:RS-filters->SV-01,uafRelationship,implements
REL:implements:RS-association->SV-01,uafRelationship,implements
REL:implements:RS-track->SV-01,uafRelationship,implements
REL:implements:RS-rfs->SV-01,uafRelationship,implements
REL:implements:RS-track-fusion->SV-01,uafRelationship,implements
REL:implements:RS-core->SV-01,uafRelationship,implements
REL:implements:RS-core->SV-02,uafRelationship,implements
REL:implements:RS-coord->SV-01,uafRelationship,implements
REL:implements:RS-coord->SV-02,uafRelationship,implements
REL:implements:RS-coord->SV-13,uafRelationship,implements
REL:implements:RS-coord->SV-14,uafRelationship,implements
REL:implements:RS-intercept-service->SV-02,uafRelationship,implements
REL:implements:RS-allocation->SV-02,uafRelationship,implements
REL:implements:RS-eventing->SV-03,uafRelationship,implements
REL:implements:RS-store->SV-04,uafRelationship,implements
REL:implements:RS-time->SV-05,uafRelationship,implements
REL:implements:RS-config->SV-06,uafRelationship,implements
REL:implements:RS-mission->SV-07,uafRelationship,implements
REL:implements:RS-ingest->SV-08,uafRelationship,implements
REL:implements:RS-sensor-management->SV-09,uafRelationship,implements
REL:implements:RS-interop->SV-10,uafRelationship,implements
REL:implements:RS-identity->SV-11,uafRelationship,implements
REL:implements:RS-identification->SV-12,uafRelationship,implements
REL:implements:RS-geo->SV-13,uafRelationship,implements
REL:implements:RS-analytics->SV-14,uafRelationship,implements
REL:implements:RS-policy->SV-15,uafRelationship,implements
REL:implements:RS-command->SV-16,uafRelationship,implements
REL:implements:RS-assessment->SV-17,uafRelationship,implements
REL:implements:RS-decision->SV-18,uafRelationship,implements
REL:implements:RS-modelops->SV-19,uafRelationship,implements
REL:implements:RS-security->SV-20,uafRelationship,implements
REL:implements:RS-security->SV-21,uafRelationship,implements
REL:implements:RS-security->SV-22,uafRelationship,implements
REL:implements:RS-api->SV-23,uafRelationship,implements
REL:implements:RS-node->SV-23,uafRelationship,implements
REL:implements:RS-observability->SV-24,uafRelationship,implements
REL:implements:RS-resilience->SV-25,uafRelationship,implements
REL:implements:RS-collab->SV-26,uafRelationship,implements
REL:implements:RS-workflow->SV-27,uafRelationship,implements
REL:implements:RS-replay->SV-28,uafRelationship,implements
REL:implements:RS-reporting->SV-29,uafRelationship,implements
REL:implements:RS-remote->SV-30,uafRelationship,implements
REL:implements:RS-data->SV-31,uafRelationship,implements
REL:implements:RS-data-fusion->SV-32,uafRelationship,implements
REL:implements:RS-render->SV-32,uafRelationship,implements
REL:implements:RS-metrics->SV-33,uafRelationship,implements
REL:implements:RS-scenario->SV-34,uafRelationship,implements
REL:implements:RS-model->SV-01,uafRelationship,implements
REL:implements:RS-model->SV-02,uafRelationship,implements
REL:implements:RS-model->SV-03,uafRelationship,implements
REL:implements:RS-model->SV-23,uafRelationship,implements
REL:conforms_to:RS-model->SD-01,uafRelationship,conforms_to
REL:conforms_to:RS-model->SD-05,uafRelationship,conforms_to
REL:conforms_to:RS-store->SD-01,uafRelationship,conforms_to
REL:conforms_to:RS-store->SD-05,uafRelationship,conforms_to
REL:conforms_to:RS-config->SD-01,uafRelationship,conforms_to
REL:conforms_to:RS-config->SD-05,uafRelationship,conforms_to
REL:conforms_to:RS-api->SD-01,uafRelationship,conforms_to
REL:conforms_to:RS-api->SD-05,uafRelationship,conforms_to
REL:conforms_to:RS-api->SD-06,uafRelationship,conforms_to
REL:conforms_to:RS-api->SD-06,status,planned
REL:conforms_to:RS-api->SD-07,uafRelationship,conforms_to
REL:conforms_to:RS-api->SD-07,status,planned
REL:conforms_to:RS-api->SD-08,uafRelationship,conforms_to
REL:conforms_to:RS-api->SD-08,status,planned
REL:conforms_to:RS-remote->SD-06,uafRelationship,conforms_to
REL:conforms_to:RS-remote->SD-06,status,planned
REL:conforms_to:RS-remote->SD-07,uafRelationship,conforms_to
REL:conforms_to:RS-remote->SD-07,status,planned
REL:conforms_to:RS-remote->SD-08,uafRelationship,conforms_to
REL:conforms_to:RS-remote->SD-08,status,planned
REL:conforms_to:RS-node->SD-12,uafRelationship,conforms_to
REL:conforms_to:RS-node->SD-08,uafRelationship,conforms_to
REL:conforms_to:RS-node->SD-08,status,planned
REL:conforms_to:RS-interop->SD-02,uafRelationship,conforms_to
REL:conforms_to:RS-interop->SD-03,uafRelationship,conforms_to
REL:conforms_to:RS-interop->SD-03,status,planned
REL:conforms_to:RS-interop->SD-04,uafRelationship,conforms_to
REL:conforms_to:RS-interop->SD-04,status,planned
REL:conforms_to:RS-interop->SD-16,uafRelationship,conforms_to
REL:conforms_to:RS-interop->SD-16,status,planned
REL:conforms_to:RS-ingest->SD-16,uafRelationship,conforms_to
REL:conforms_to:RS-ingest->SD-16,status,planned
REL:conforms_to:RS-remote->SD-16,uafRelationship,conforms_to
REL:conforms_to:RS-remote->SD-16,status,planned
REL:conforms_to:RS-ingest->SD-09,uafRelationship,conforms_to
REL:conforms_to:RS-ingest->SD-09,status,planned
REL:conforms_to:RS-ingest->SD-10,uafRelationship,conforms_to
REL:conforms_to:RS-ingest->SD-10,status,planned
REL:conforms_to:RS-identity->SD-11,uafRelationship,conforms_to
REL:conforms_to:RS-identity->SD-11,status,planned
REL:conforms_to:RS-app->SD-13,uafRelationship,conforms_to
REL:conforms_to:RS-app->SD-13,status,planned
REL:conforms_to:RS-node->SD-13,uafRelationship,conforms_to
REL:conforms_to:RS-node->SD-13,status,planned
REL:uses:RS-allocation->RS-core,uafRelationship,uses
REL:uses:RS-allocation->RS-testkit,uafRelationship,uses
REL:uses:RS-allocation->RS-testkit,kind,dev
REL:uses:RS-analytics->RS-coord,uafRelationship,uses
REL:uses:RS-analytics->RS-data,uafRelationship,uses
REL:uses:RS-analytics->RS-geo,uafRelationship,uses
REL:uses:RS-analytics->RS-model,uafRelationship,uses
REL:uses:RS-analytics->RS-sensor-management,uafRelationship,uses
REL:uses:RS-analytics->RS-config,uafRelationship,uses
REL:uses:RS-analytics->RS-config,kind,dev
REL:uses:RS-api->RS-model,uafRelationship,uses
REL:uses:RS-api->RS-eventing,uafRelationship,uses
REL:uses:RS-api->RS-security,uafRelationship,uses
REL:uses:RS-api->RS-tracking-service,uafRelationship,uses
REL:uses:RS-api->RS-intercept-service,uafRelationship,uses
REL:uses:RS-api->RS-analytics,uafRelationship,uses
REL:uses:RS-app->RS-coord,uafRelationship,uses
REL:uses:RS-app->RS-tracking-service,uafRelationship,uses
REL:uses:RS-app->RS-intercept-service,uafRelationship,uses
REL:uses:RS-app->RS-remote,uafRelationship,uses
REL:uses:RS-app->RS-resilience,uafRelationship,uses
REL:uses:RS-app->RS-identification,uafRelationship,uses
REL:uses:RS-app->RS-identity,uafRelationship,uses
REL:uses:RS-app->RS-data,uafRelationship,uses
REL:uses:RS-app->RS-data-fusion,uafRelationship,uses
REL:uses:RS-app->RS-render,uafRelationship,uses
REL:uses:RS-app->RS-viewport3d,uafRelationship,uses
REL:uses:RS-app->RS-ui,uafRelationship,uses
REL:uses:RS-app->RS-model,uafRelationship,uses
REL:uses:RS-app->RS-config,uafRelationship,uses
REL:uses:RS-app->RS-mission,uafRelationship,uses
REL:uses:RS-app->RS-eventing,uafRelationship,uses
REL:uses:RS-app->RS-store,uafRelationship,uses
REL:uses:RS-app->RS-time,uafRelationship,uses
REL:uses:RS-app->RS-ingest,uafRelationship,uses
REL:uses:RS-app->RS-observability,uafRelationship,uses
REL:uses:RS-app->RS-workflow,uafRelationship,uses
REL:uses:RS-app->RS-security,uafRelationship,uses
REL:uses:RS-app->RS-policy,uafRelationship,uses
REL:uses:RS-app->RS-command,uafRelationship,uses
REL:uses:RS-app->RS-geo,uafRelationship,uses
REL:uses:RS-app->RS-sensor-management,uafRelationship,uses
REL:uses:RS-app->RS-analytics,uafRelationship,uses
REL:uses:RS-app->RS-assessment,uafRelationship,uses
REL:uses:RS-app->RS-modelops,uafRelationship,uses
REL:uses:RS-app->RS-decision,uafRelationship,uses
REL:uses:RS-app->RS-replay,uafRelationship,uses
REL:uses:RS-app->RS-reporting,uafRelationship,uses
REL:uses:RS-app->RS-scenario,uafRelationship,uses
REL:uses:RS-app->RS-scenario,kind,dev
REL:uses:RS-app->RS-api,uafRelationship,uses
REL:uses:RS-app->RS-api,kind,dev
REL:uses:RS-assessment->RS-model,uafRelationship,uses
REL:uses:RS-association->RS-filters,uafRelationship,uses
REL:uses:RS-association->RS-testkit,uafRelationship,uses
REL:uses:RS-association->RS-testkit,kind,dev
REL:uses:RS-collab->RS-model,uafRelationship,uses
REL:uses:RS-collab->RS-eventing,uafRelationship,uses
REL:uses:RS-collab->RS-command,uafRelationship,uses
REL:uses:RS-collab->RS-security,uafRelationship,uses
REL:uses:RS-collab->RS-policy,uafRelationship,uses
REL:uses:RS-collab->RS-policy,kind,dev
REL:uses:RS-command->RS-model,uafRelationship,uses
REL:uses:RS-command->RS-policy,uafRelationship,uses
REL:uses:RS-config->RS-model,uafRelationship,uses
REL:uses:RS-coord->RS-testkit,uafRelationship,uses
REL:uses:RS-coord->RS-testkit,kind,dev
REL:uses:RS-core->RS-testkit,uafRelationship,uses
REL:uses:RS-core->RS-testkit,kind,dev
REL:uses:RS-data-fusion->RS-data,uafRelationship,uses
REL:uses:RS-decision->RS-model,uafRelationship,uses
REL:uses:RS-decision->RS-assessment,uafRelationship,uses
REL:uses:RS-decision->RS-policy,uafRelationship,uses
REL:uses:RS-decision->RS-analytics,uafRelationship,uses
REL:uses:RS-eventing->RS-model,uafRelationship,uses
REL:uses:RS-filters->RS-core,uafRelationship,uses
REL:uses:RS-filters->RS-coord,uafRelationship,uses
REL:uses:RS-filters->RS-testkit,uafRelationship,uses
REL:uses:RS-filters->RS-testkit,kind,dev
REL:uses:RS-fusion-async->RS-track,uafRelationship,uses
REL:uses:RS-fusion-async->RS-rfs,uafRelationship,uses
REL:uses:RS-fusion-async->RS-track-fusion,uafRelationship,uses
REL:uses:RS-fusion-async->RS-core,uafRelationship,uses
REL:uses:RS-fusion-async->RS-filters,uafRelationship,uses
REL:uses:RS-fusion-async->RS-association,uafRelationship,uses
REL:uses:RS-fusion-async->RS-testkit,uafRelationship,uses
REL:uses:RS-fusion-async->RS-testkit,kind,dev
REL:uses:RS-fuzz->RS-association,uafRelationship,uses
REL:uses:RS-fuzz->RS-ingest,uafRelationship,uses
REL:uses:RS-fuzz->RS-model,uafRelationship,uses
REL:uses:RS-geo->RS-coord,uafRelationship,uses
REL:uses:RS-geo->RS-data,uafRelationship,uses
REL:uses:RS-identification->RS-model,uafRelationship,uses
REL:uses:RS-identity->RS-model,uafRelationship,uses
REL:uses:RS-ingest->RS-model,uafRelationship,uses
REL:uses:RS-ingest->RS-time,uafRelationship,uses
REL:uses:RS-ingest->RS-tracking-service,uafRelationship,uses
REL:uses:RS-ingest->RS-interop,uafRelationship,uses
REL:uses:RS-ingest->RS-scenario,uafRelationship,uses
REL:uses:RS-ingest->RS-scenario,kind,dev
REL:uses:RS-intercept-service->RS-core,uafRelationship,uses
REL:uses:RS-intercept-service->RS-coord,uafRelationship,uses
REL:uses:RS-intercept-service->RS-allocation,uafRelationship,uses
REL:uses:RS-intercept-service->RS-model,uafRelationship,uses
REL:uses:RS-interop->RS-model,uafRelationship,uses
REL:uses:RS-interop->RS-eventing,uafRelationship,uses
REL:uses:RS-interop->RS-eventing,kind,dev
REL:uses:RS-metrics->RS-track,uafRelationship,uses
REL:uses:RS-metrics->RS-association,uafRelationship,uses
REL:uses:RS-metrics->RS-testkit,uafRelationship,uses
REL:uses:RS-metrics->RS-testkit,kind,dev
REL:uses:RS-mission->RS-model,uafRelationship,uses
REL:uses:RS-mission->RS-config,uafRelationship,uses
REL:uses:RS-mission->RS-store,uafRelationship,uses
REL:uses:RS-mission->RS-eventing,uafRelationship,uses
REL:uses:RS-mission->RS-scenario,uafRelationship,uses
REL:uses:RS-mission->RS-scenario,kind,dev
REL:uses:RS-ml->RS-model,uafRelationship,uses
REL:uses:RS-ml->RS-interop,uafRelationship,uses
REL:uses:RS-model->RS-core,uafRelationship,uses
REL:uses:RS-model->RS-coord,uafRelationship,uses
REL:uses:RS-modelops->RS-config,uafRelationship,uses
REL:uses:RS-modelops->RS-model,uafRelationship,uses
REL:uses:RS-node->RS-model,uafRelationship,uses
REL:uses:RS-node->RS-config,uafRelationship,uses
REL:uses:RS-node->RS-mission,uafRelationship,uses
REL:uses:RS-node->RS-eventing,uafRelationship,uses
REL:uses:RS-node->RS-store,uafRelationship,uses
REL:uses:RS-node->RS-time,uafRelationship,uses
REL:uses:RS-node->RS-ingest,uafRelationship,uses
REL:uses:RS-node->RS-sensor-management,uafRelationship,uses
REL:uses:RS-node->RS-tracking-service,uafRelationship,uses
REL:uses:RS-node->RS-intercept-service,uafRelationship,uses
REL:uses:RS-node->RS-api,uafRelationship,uses
REL:uses:RS-node->RS-remote,uafRelationship,uses
REL:uses:RS-node->RS-security,uafRelationship,uses
REL:uses:RS-node->RS-modelops,uafRelationship,uses
REL:uses:RS-node->RS-identity,uafRelationship,uses
REL:uses:RS-node->RS-policy,uafRelationship,uses
REL:uses:RS-node->RS-geo,uafRelationship,uses
REL:uses:RS-node->RS-analytics,uafRelationship,uses
REL:uses:RS-node->RS-observability,uafRelationship,uses
REL:uses:RS-node->RS-scenario,uafRelationship,uses
REL:uses:RS-node->RS-scenario,kind,dev
REL:uses:RS-observability->RS-model,uafRelationship,uses
REL:uses:RS-oracle->RS-filters,uafRelationship,uses
REL:uses:RS-oracle->RS-association,uafRelationship,uses
REL:uses:RS-oracle->RS-rfs,uafRelationship,uses
REL:uses:RS-oracle->RS-scenario,uafRelationship,uses
REL:uses:RS-oracle->RS-testkit,uafRelationship,uses
REL:uses:RS-oracle->RS-testkit,kind,dev
REL:uses:RS-policy->RS-model,uafRelationship,uses
REL:uses:RS-policy->RS-geo,uafRelationship,uses
REL:uses:RS-remote->RS-security,uafRelationship,uses
REL:uses:RS-remote->RS-model,uafRelationship,uses
REL:uses:RS-remote->RS-eventing,uafRelationship,uses
REL:uses:RS-remote->RS-api,uafRelationship,uses
REL:uses:RS-remote->RS-tracking-service,uafRelationship,uses
REL:uses:RS-remote->RS-intercept-service,uafRelationship,uses
REL:uses:RS-remote->RS-analytics,uafRelationship,uses
REL:uses:RS-remote->RS-analytics,kind,dev
REL:uses:RS-replay->RS-model,uafRelationship,uses
REL:uses:RS-replay->RS-eventing,uafRelationship,uses
REL:uses:RS-replay->RS-store,uafRelationship,uses
REL:uses:RS-replay->RS-time,uafRelationship,uses
REL:uses:RS-reporting->RS-model,uafRelationship,uses
REL:uses:RS-reporting->RS-eventing,uafRelationship,uses
REL:uses:RS-reporting->RS-store,uafRelationship,uses
REL:uses:RS-reporting->RS-metrics,uafRelationship,uses
REL:uses:RS-reporting->RS-identity,uafRelationship,uses
REL:uses:RS-resilience->RS-model,uafRelationship,uses
REL:uses:RS-resilience->RS-eventing,uafRelationship,uses
REL:uses:RS-resilience->RS-store,uafRelationship,uses
REL:uses:RS-rfs->RS-track,uafRelationship,uses
REL:uses:RS-rfs->RS-testkit,uafRelationship,uses
REL:uses:RS-rfs->RS-testkit,kind,dev
REL:uses:RS-scenario->RS-core,uafRelationship,uses
REL:uses:RS-scenario->RS-coord,uafRelationship,uses
REL:uses:RS-scenario->RS-fusion-async,uafRelationship,uses
REL:uses:RS-scenario->RS-testkit,uafRelationship,uses
REL:uses:RS-scenario->RS-testkit,kind,dev
REL:uses:RS-sensor-management->RS-coord,uafRelationship,uses
REL:uses:RS-sensor-management->RS-model,uafRelationship,uses
REL:uses:RS-sensor-management->RS-config,uafRelationship,uses
REL:uses:RS-store->RS-model,uafRelationship,uses
REL:uses:RS-store->RS-eventing,uafRelationship,uses
REL:uses:RS-time->RS-model,uafRelationship,uses
REL:uses:RS-track-fusion->RS-track,uafRelationship,uses
REL:uses:RS-track-fusion->RS-coord,uafRelationship,uses
REL:uses:RS-track-fusion->RS-testkit,uafRelationship,uses
REL:uses:RS-track-fusion->RS-testkit,kind,dev
REL:uses:RS-track->RS-core,uafRelationship,uses
REL:uses:RS-track->RS-association,uafRelationship,uses
REL:uses:RS-track->RS-testkit,uafRelationship,uses
REL:uses:RS-track->RS-testkit,kind,dev
REL:uses:RS-tracking-service->RS-core,uafRelationship,uses
REL:uses:RS-tracking-service->RS-coord,uafRelationship,uses
REL:uses:RS-tracking-service->RS-filters,uafRelationship,uses
REL:uses:RS-tracking-service->RS-association,uafRelationship,uses
REL:uses:RS-tracking-service->RS-track,uafRelationship,uses
REL:uses:RS-tracking-service->RS-rfs,uafRelationship,uses
REL:uses:RS-tracking-service->RS-track-fusion,uafRelationship,uses
REL:uses:RS-tracking-service->RS-fusion-async,uafRelationship,uses
REL:uses:RS-tracking-service->RS-model,uafRelationship,uses
REL:uses:RS-tracking-service->RS-scenario,uafRelationship,uses
REL:uses:RS-tracking-service->RS-scenario,kind,dev
REL:uses:RS-tracking-service->RS-oracle,uafRelationship,uses
REL:uses:RS-tracking-service->RS-oracle,kind,dev
REL:uses:RS-ui->RS-model,uafRelationship,uses
REL:uses:RS-viewport3d->RS-data,uafRelationship,uses
REL:uses:RS-viewport3d->RS-data-fusion,uafRelationship,uses
REL:uses:RS-viewport3d->RS-model,uafRelationship,uses
REL:uses:RS-viewport3d->RS-ui,uafRelationship,uses
REL:uses:RS-workflow->RS-model,uafRelationship,uses
REL:uses:RS-workflow->RS-security,uafRelationship,uses
REL:uses:RS-workflow->RS-observability,uafRelationship,uses
REL:uses:RS-workflow->RS-sensor-management,uafRelationship,uses
REL:uses:RS-workflow->RS-assessment,uafRelationship,uses
REL:satisfies:REQ-F-01->CAP-1.1,uafRelationship,satisfies
REL:satisfies:REQ-F-01->CAP-1.2,uafRelationship,satisfies
REL:satisfies:REQ-F-02->CAP-1.2,uafRelationship,satisfies
REL:satisfies:REQ-F-03->CAP-1.3,uafRelationship,satisfies
REL:satisfies:REQ-F-04->CAP-1.4,uafRelationship,satisfies
REL:satisfies:REQ-F-05->CAP-1.5,uafRelationship,satisfies
REL:satisfies:REQ-F-06->CAP-1.7,uafRelationship,satisfies
REL:satisfies:REQ-F-07->CAP-2.1,uafRelationship,satisfies
REL:satisfies:REQ-F-07->CAP-2.5,uafRelationship,satisfies
REL:satisfies:REQ-F-08->CAP-2.2,uafRelationship,satisfies
REL:satisfies:REQ-F-09->CAP-2.6,uafRelationship,satisfies
REL:satisfies:REQ-F-10->CAP-2.7,uafRelationship,satisfies
REL:satisfies:REQ-F-11->CAP-3.1,uafRelationship,satisfies
REL:satisfies:REQ-F-11->CAP-3.2,uafRelationship,satisfies
REL:satisfies:REQ-F-12->CAP-3.3,uafRelationship,satisfies
REL:satisfies:REQ-F-12->CAP-3.4,uafRelationship,satisfies
REL:satisfies:REQ-F-13->CAP-3.5,uafRelationship,satisfies
REL:satisfies:REQ-F-14->CAP-3.7,uafRelationship,satisfies
REL:satisfies:REQ-F-15->CAP-5.2,uafRelationship,satisfies
REL:satisfies:REQ-F-16->CAP-5.3,uafRelationship,satisfies
REL:satisfies:REQ-D-02->CAP-1.2,uafRelationship,satisfies
REL:satisfies:REQ-D-07->CAP-6.6,uafRelationship,satisfies
REL:satisfies:REQ-I-01->CAP-7.1,uafRelationship,satisfies
REL:satisfies:REQ-I-02->CAP-7.2,uafRelationship,satisfies
REL:satisfies:REQ-S-01->CAP-4.3,uafRelationship,satisfies
REL:satisfies:REQ-S-02->CAP-6.2,uafRelationship,satisfies
REL:satisfies:REQ-S-03->CAP-3.6,uafRelationship,satisfies
REL:satisfies:REQ-S-04->CAP-3.6,uafRelationship,satisfies
REL:satisfies:REQ-S-04->CAP-3.7,uafRelationship,satisfies
REL:satisfies:REQ-S-05->CAP-6.3,uafRelationship,satisfies
REL:satisfies:REQ-S-07->CAP-6.4,uafRelationship,satisfies
REL:satisfies:REQ-S-10->CAP-6.5,uafRelationship,satisfies
REL:satisfies:REQ-U-01->CAP-5.9,uafRelationship,satisfies
REL:carried_by:REQ-F-01->RS-ingest,uafRelationship,carried_by
REL:carried_by:REQ-F-02->RS-security,uafRelationship,carried_by
REL:carried_by:REQ-F-03->RS-sensor-management,uafRelationship,carried_by
REL:carried_by:REQ-F-04->RS-analytics,uafRelationship,carried_by
REL:carried_by:REQ-F-05->RS-time,uafRelationship,carried_by
REL:carried_by:REQ-F-06->RS-interop,uafRelationship,carried_by
REL:carried_by:REQ-F-06->RS-identification,uafRelationship,carried_by
REL:carried_by:REQ-F-08->RS-model,uafRelationship,carried_by
REL:carried_by:REQ-F-09->RS-identification,uafRelationship,carried_by
REL:carried_by:REQ-F-09->RS-policy,uafRelationship,carried_by
REL:carried_by:REQ-F-10->RS-identity,uafRelationship,carried_by
REL:carried_by:REQ-F-11->RS-assessment,uafRelationship,carried_by
REL:carried_by:REQ-F-12->RS-allocation,uafRelationship,carried_by
REL:carried_by:REQ-F-12->RS-intercept-service,uafRelationship,carried_by
REL:carried_by:REQ-F-13->RS-decision,uafRelationship,carried_by
REL:carried_by:REQ-F-14->RS-command,uafRelationship,carried_by
REL:carried_by:REQ-F-15->RS-store,uafRelationship,carried_by
REL:carried_by:REQ-F-15->RS-replay,uafRelationship,carried_by
REL:carried_by:REQ-F-16->RS-reporting,uafRelationship,carried_by
REL:carried_by:REQ-D-01->RS-core,uafRelationship,carried_by
REL:carried_by:REQ-D-01->RS-coord,uafRelationship,carried_by
REL:carried_by:REQ-D-01->RS-model,uafRelationship,carried_by
REL:carried_by:REQ-D-02->RS-model,uafRelationship,carried_by
REL:carried_by:REQ-D-03->RS-identification,uafRelationship,carried_by
REL:carried_by:REQ-D-04->RS-eventing,uafRelationship,carried_by
REL:carried_by:REQ-D-05->RS-store,uafRelationship,carried_by
REL:carried_by:REQ-D-06->RS-resilience,uafRelationship,carried_by
REL:carried_by:REQ-D-06->RS-collab,uafRelationship,carried_by
REL:carried_by:REQ-D-07->RS-model,uafRelationship,carried_by
REL:carried_by:REQ-D-07->RS-api,uafRelationship,carried_by
REL:carried_by:REQ-D-08->RS-modelops,uafRelationship,carried_by
REL:carried_by:REQ-I-01->RS-api,uafRelationship,carried_by
REL:carried_by:REQ-I-02->RS-interop,uafRelationship,carried_by
REL:carried_by:REQ-I-03->RS-interop,uafRelationship,carried_by
REL:carried_by:REQ-I-04->RS-interop,uafRelationship,carried_by
REL:carried_by:REQ-I-05->RS-api,uafRelationship,carried_by
REL:carried_by:REQ-I-06->RS-interop,uafRelationship,carried_by
REL:carried_by:REQ-S-01->RS-policy,uafRelationship,carried_by
REL:carried_by:REQ-S-01->RS-command,uafRelationship,carried_by
REL:carried_by:REQ-S-02->RS-security,uafRelationship,carried_by
REL:carried_by:REQ-S-03->RS-policy,uafRelationship,carried_by
REL:carried_by:REQ-S-04->RS-command,uafRelationship,carried_by
REL:carried_by:REQ-S-05->RS-security,uafRelationship,carried_by
REL:carried_by:REQ-S-06->RS-security,uafRelationship,carried_by
